--------------------------------------------------------
--  파일이 생성됨 - 월요일-11월-08-2021   
--------------------------------------------------------
--------------------------------------------------------
--  DDL for Table BUSINESS
--------------------------------------------------------

  CREATE TABLE "GORUMI"."BUSINESS" 
   (	"BUSINESS_NO" NUMBER, 
	"BUSINESS_NAME" VARCHAR2(50 BYTE), 
	"BUSINESS_CODE" CHAR(12 BYTE), 
	"MANAGER_NAME" VARCHAR2(20 BYTE)
   ) SEGMENT CREATION IMMEDIATE 
  PCTFREE 10 PCTUSED 40 INITRANS 1 MAXTRANS 255 NOCOMPRESS LOGGING
  STORAGE(INITIAL 65536 NEXT 1048576 MINEXTENTS 1 MAXEXTENTS 2147483645
  PCTINCREASE 0 FREELISTS 1 FREELIST GROUPS 1 BUFFER_POOL DEFAULT FLASH_CACHE DEFAULT CELL_FLASH_CACHE DEFAULT)
  TABLESPACE "SYSTEM" ;
--------------------------------------------------------
--  DDL for Table EVENT
--------------------------------------------------------

  CREATE TABLE "GORUMI"."EVENT" 
   (	"EVENT_NO" NUMBER, 
	"EVENT_TITLE" VARCHAR2(500 BYTE), 
	"EVENT_CONTENT" VARCHAR2(4000 BYTE), 
	"WRITE_DATE" CHAR(10 BYTE), 
	"FILEPATH" VARCHAR2(1500 BYTE), 
	"EVENT_WRITER" NUMBER
   ) SEGMENT CREATION IMMEDIATE 
  PCTFREE 10 PCTUSED 40 INITRANS 1 MAXTRANS 255 NOCOMPRESS LOGGING
  STORAGE(INITIAL 65536 NEXT 1048576 MINEXTENTS 1 MAXEXTENTS 2147483645
  PCTINCREASE 0 FREELISTS 1 FREELIST GROUPS 1 BUFFER_POOL DEFAULT FLASH_CACHE DEFAULT CELL_FLASH_CACHE DEFAULT)
  TABLESPACE "SYSTEM" ;
--------------------------------------------------------
--  DDL for Table FUNDER_CATEGORY
--------------------------------------------------------

  CREATE TABLE "GORUMI"."FUNDER_CATEGORY" 
   (	"FUNDER_CATEGORY" VARCHAR2(50 BYTE)
   ) SEGMENT CREATION IMMEDIATE 
  PCTFREE 10 PCTUSED 40 INITRANS 1 MAXTRANS 255 NOCOMPRESS LOGGING
  STORAGE(INITIAL 65536 NEXT 1048576 MINEXTENTS 1 MAXEXTENTS 2147483645
  PCTINCREASE 0 FREELISTS 1 FREELIST GROUPS 1 BUFFER_POOL DEFAULT FLASH_CACHE DEFAULT CELL_FLASH_CACHE DEFAULT)
  TABLESPACE "SYSTEM" ;
--------------------------------------------------------
--  DDL for Table FUNDER_LIKE
--------------------------------------------------------

  CREATE TABLE "GORUMI"."FUNDER_LIKE" 
   (	"C_MEMBER_NO" NUMBER, 
	"LIKED_BUSINESS_NO" NUMBER, 
	"LIKE_NO" NUMBER
   ) SEGMENT CREATION IMMEDIATE 
  PCTFREE 10 PCTUSED 40 INITRANS 1 MAXTRANS 255 NOCOMPRESS LOGGING
  STORAGE(INITIAL 65536 NEXT 1048576 MINEXTENTS 1 MAXEXTENTS 2147483645
  PCTINCREASE 0 FREELISTS 1 FREELIST GROUPS 1 BUFFER_POOL DEFAULT FLASH_CACHE DEFAULT CELL_FLASH_CACHE DEFAULT)
  TABLESPACE "SYSTEM" ;
--------------------------------------------------------
--  DDL for Table FUNDING_CATEGORY
--------------------------------------------------------

  CREATE TABLE "GORUMI"."FUNDING_CATEGORY" 
   (	"FUNDING_CATEGORY" VARCHAR2(50 BYTE)
   ) SEGMENT CREATION IMMEDIATE 
  PCTFREE 10 PCTUSED 40 INITRANS 1 MAXTRANS 255 NOCOMPRESS LOGGING
  STORAGE(INITIAL 65536 NEXT 1048576 MINEXTENTS 1 MAXEXTENTS 2147483645
  PCTINCREASE 0 FREELISTS 1 FREELIST GROUPS 1 BUFFER_POOL DEFAULT FLASH_CACHE DEFAULT CELL_FLASH_CACHE DEFAULT)
  TABLESPACE "SYSTEM" ;
--------------------------------------------------------
--  DDL for Table FUNDING_COMMENT
--------------------------------------------------------

  CREATE TABLE "GORUMI"."FUNDING_COMMENT" 
   (	"COMMENT_NO" NUMBER, 
	"COMMENT_CONTENT" VARCHAR2(1500 BYTE), 
	"WRITE_DATE" CHAR(10 BYTE), 
	"COMMENT_LEVEL" NUMBER, 
	"PROJECT_REF_NO" NUMBER, 
	"COMMENT_REF_NO" NUMBER, 
	"COMMENT_WRITER" NUMBER
   ) SEGMENT CREATION IMMEDIATE 
  PCTFREE 10 PCTUSED 40 INITRANS 1 MAXTRANS 255 NOCOMPRESS LOGGING
  STORAGE(INITIAL 65536 NEXT 1048576 MINEXTENTS 1 MAXEXTENTS 2147483645
  PCTINCREASE 0 FREELISTS 1 FREELIST GROUPS 1 BUFFER_POOL DEFAULT FLASH_CACHE DEFAULT CELL_FLASH_CACHE DEFAULT)
  TABLESPACE "SYSTEM" ;
--------------------------------------------------------
--  DDL for Table FUNDING_LIKE
--------------------------------------------------------

  CREATE TABLE "GORUMI"."FUNDING_LIKE" 
   (	"C_MEMBER_NO" NUMBER, 
	"LIKED_PROJECT_NO" NUMBER, 
	"LIKE_NO" NUMBER
   ) SEGMENT CREATION IMMEDIATE 
  PCTFREE 10 PCTUSED 40 INITRANS 1 MAXTRANS 255 NOCOMPRESS LOGGING
  STORAGE(INITIAL 65536 NEXT 1048576 MINEXTENTS 1 MAXEXTENTS 2147483645
  PCTINCREASE 0 FREELISTS 1 FREELIST GROUPS 1 BUFFER_POOL DEFAULT FLASH_CACHE DEFAULT CELL_FLASH_CACHE DEFAULT)
  TABLESPACE "SYSTEM" ;
--------------------------------------------------------
--  DDL for Table MAKER_BOARD
--------------------------------------------------------

  CREATE TABLE "GORUMI"."MAKER_BOARD" 
   (	"WRITER_NO" NUMBER, 
	"BUSINESS_NAME" VARCHAR2(50 BYTE), 
	"OPEN_DATE" CHAR(10 BYTE), 
	"BOARD_EMAIL" VARCHAR2(50 BYTE), 
	"SEARCH_TAG" VARCHAR2(4000 BYTE), 
	"SKILL_NAME" VARCHAR2(4000 BYTE), 
	"SKILL_LEVEL" VARCHAR2(4000 BYTE), 
	"COMPANY_ADDR" VARCHAR2(500 BYTE), 
	"COMPANY_INTRO" VARCHAR2(4000 BYTE), 
	"PROFILE_FILEPATH" VARCHAR2(1500 BYTE), 
	"FUNDER_CATEGORY" VARCHAR2(50 BYTE), 
	"MAKER_BOARD_NO" NUMBER, 
	"WRITE_DATE" CHAR(10 BYTE)
   ) SEGMENT CREATION IMMEDIATE 
  PCTFREE 10 PCTUSED 40 INITRANS 1 MAXTRANS 255 NOCOMPRESS LOGGING
  STORAGE(INITIAL 65536 NEXT 1048576 MINEXTENTS 1 MAXEXTENTS 2147483645
  PCTINCREASE 0 FREELISTS 1 FREELIST GROUPS 1 BUFFER_POOL DEFAULT FLASH_CACHE DEFAULT CELL_FLASH_CACHE DEFAULT)
  TABLESPACE "SYSTEM" ;
--------------------------------------------------------
--  DDL for Table MAKER_INFO
--------------------------------------------------------

  CREATE TABLE "GORUMI"."MAKER_INFO" 
   (	"MAKER_INFO_NO" NUMBER, 
	"TRADE_BANK" VARCHAR2(50 BYTE), 
	"ACCOUNT_NUMBER" NUMBER, 
	"DEPOSIT_NAME" VARCHAR2(20 BYTE)
   ) SEGMENT CREATION IMMEDIATE 
  PCTFREE 10 PCTUSED 40 INITRANS 1 MAXTRANS 255 NOCOMPRESS LOGGING
  STORAGE(INITIAL 65536 NEXT 1048576 MINEXTENTS 1 MAXEXTENTS 2147483645
  PCTINCREASE 0 FREELISTS 1 FREELIST GROUPS 1 BUFFER_POOL DEFAULT FLASH_CACHE DEFAULT CELL_FLASH_CACHE DEFAULT)
  TABLESPACE "SYSTEM" ;
--------------------------------------------------------
--  DDL for Table MEMBER
--------------------------------------------------------

  CREATE TABLE "GORUMI"."MEMBER" 
   (	"C_MEMBER_NO" NUMBER, 
	"C_NAME" VARCHAR2(20 BYTE), 
	"C_PASSWORD" VARCHAR2(50 BYTE), 
	"C_PHONE" CHAR(13 BYTE), 
	"C_ENROLL_DATE" CHAR(10 BYTE), 
	"C_EMAIL" VARCHAR2(100 BYTE), 
	"C_LEVEL" NUMBER
   ) SEGMENT CREATION IMMEDIATE 
  PCTFREE 10 PCTUSED 40 INITRANS 1 MAXTRANS 255 NOCOMPRESS LOGGING
  STORAGE(INITIAL 65536 NEXT 1048576 MINEXTENTS 1 MAXEXTENTS 2147483645
  PCTINCREASE 0 FREELISTS 1 FREELIST GROUPS 1 BUFFER_POOL DEFAULT FLASH_CACHE DEFAULT CELL_FLASH_CACHE DEFAULT)
  TABLESPACE "SYSTEM" ;
--------------------------------------------------------
--  DDL for Table NOTICE
--------------------------------------------------------

  CREATE TABLE "GORUMI"."NOTICE" 
   (	"NOTICE_NO" NUMBER, 
	"NOTICE_TITLE" VARCHAR2(500 BYTE), 
	"NOTICE_CONTENT" VARCHAR2(2000 BYTE), 
	"WRITE_DATE" CHAR(10 BYTE), 
	"FILEPATH" VARCHAR2(1500 BYTE), 
	"NOTICE_WRITER" NUMBER
   ) SEGMENT CREATION IMMEDIATE 
  PCTFREE 10 PCTUSED 40 INITRANS 1 MAXTRANS 255 NOCOMPRESS LOGGING
  STORAGE(INITIAL 65536 NEXT 1048576 MINEXTENTS 1 MAXEXTENTS 2147483645
  PCTINCREASE 0 FREELISTS 1 FREELIST GROUPS 1 BUFFER_POOL DEFAULT FLASH_CACHE DEFAULT CELL_FLASH_CACHE DEFAULT)
  TABLESPACE "SYSTEM" ;
--------------------------------------------------------
--  DDL for Table PAYMENT_INFO
--------------------------------------------------------

  CREATE TABLE "GORUMI"."PAYMENT_INFO" 
   (	"PAYMENT_NO" NUMBER, 
	"QUANTITY" NUMBER, 
	"RECEIVE_ADDR" VARCHAR2(1500 BYTE), 
	"ORDER_DATE" CHAR(19 BYTE), 
	"RECEIVE_NAME" VARCHAR2(50 BYTE), 
	"RECEIVE_PHONE" CHAR(13 BYTE), 
	"PROJECT_NO" NUMBER, 
	"C_MEMBER_NO" NUMBER
   ) SEGMENT CREATION IMMEDIATE 
  PCTFREE 10 PCTUSED 40 INITRANS 1 MAXTRANS 255 NOCOMPRESS LOGGING
  STORAGE(INITIAL 65536 NEXT 1048576 MINEXTENTS 1 MAXEXTENTS 2147483645
  PCTINCREASE 0 FREELISTS 1 FREELIST GROUPS 1 BUFFER_POOL DEFAULT FLASH_CACHE DEFAULT CELL_FLASH_CACHE DEFAULT)
  TABLESPACE "SYSTEM" ;
--------------------------------------------------------
--  DDL for Table PROJECT_BASIC_INFO
--------------------------------------------------------

  CREATE TABLE "GORUMI"."PROJECT_BASIC_INFO" 
   (	"PROJECT_NO" NUMBER, 
	"BUSINESS_NO" NUMBER, 
	"PROJECT_TITLE" VARCHAR2(120 BYTE), 
	"TARGET_PRICE" NUMBER, 
	"FILEPATH" VARCHAR2(1500 BYTE), 
	"END_DATE" CHAR(10 BYTE), 
	"PROJECT_STORY" VARCHAR2(4000 BYTE), 
	"FUNDING_CATEGORY" VARCHAR2(50 BYTE), 
	"START_DATE" CHAR(10 BYTE)
   ) SEGMENT CREATION IMMEDIATE 
  PCTFREE 10 PCTUSED 40 INITRANS 1 MAXTRANS 255 NOCOMPRESS LOGGING
  STORAGE(INITIAL 65536 NEXT 1048576 MINEXTENTS 1 MAXEXTENTS 2147483645
  PCTINCREASE 0 FREELISTS 1 FREELIST GROUPS 1 BUFFER_POOL DEFAULT FLASH_CACHE DEFAULT CELL_FLASH_CACHE DEFAULT)
  TABLESPACE "SYSTEM" ;
--------------------------------------------------------
--  DDL for Table REWARD
--------------------------------------------------------

  CREATE TABLE "GORUMI"."REWARD" 
   (	"REWARD_NO" NUMBER, 
	"REWARD_PRICE" NUMBER, 
	"REWARD_TITLE" VARCHAR2(400 BYTE), 
	"REWARD_CONTENT" VARCHAR2(4000 BYTE), 
	"SHIPPING_DATE" CHAR(10 BYTE), 
	"CANCEL_POLICY" VARCHAR2(3000 BYTE), 
	"Q_EMAIL" VARCHAR2(50 BYTE), 
	"Q_PHONE" CHAR(13 BYTE)
   ) SEGMENT CREATION IMMEDIATE 
  PCTFREE 10 PCTUSED 40 INITRANS 1 MAXTRANS 255 NOCOMPRESS LOGGING
  STORAGE(INITIAL 65536 NEXT 1048576 MINEXTENTS 1 MAXEXTENTS 2147483645
  PCTINCREASE 0 FREELISTS 1 FREELIST GROUPS 1 BUFFER_POOL DEFAULT FLASH_CACHE DEFAULT CELL_FLASH_CACHE DEFAULT)
  TABLESPACE "SYSTEM" ;
--------------------------------------------------------
--  DDL for Table TEST
--------------------------------------------------------

  CREATE TABLE "GORUMI"."TEST" 
   (	"HANSOL" NUMBER
   ) SEGMENT CREATION IMMEDIATE 
  PCTFREE 10 PCTUSED 40 INITRANS 1 MAXTRANS 255 NOCOMPRESS LOGGING
  STORAGE(INITIAL 65536 NEXT 1048576 MINEXTENTS 1 MAXEXTENTS 2147483645
  PCTINCREASE 0 FREELISTS 1 FREELIST GROUPS 1 BUFFER_POOL DEFAULT FLASH_CACHE DEFAULT CELL_FLASH_CACHE DEFAULT)
  TABLESPACE "SYSTEM" ;
--------------------------------------------------------
--  DDL for Sequence EVENT_SEQ
--------------------------------------------------------

   CREATE SEQUENCE  "GORUMI"."EVENT_SEQ"  MINVALUE 1 MAXVALUE 9999999999999999999999999999 INCREMENT BY 1 START WITH 101 CACHE 20 NOORDER  NOCYCLE ;
--------------------------------------------------------
--  DDL for Sequence FUNDCOMM_SEQ
--------------------------------------------------------

   CREATE SEQUENCE  "GORUMI"."FUNDCOMM_SEQ"  MINVALUE 1 MAXVALUE 9999999999999999999999999999 INCREMENT BY 1 START WITH 161 CACHE 20 NOORDER  NOCYCLE ;
--------------------------------------------------------
--  DDL for Sequence LIKE_SEQ
--------------------------------------------------------

   CREATE SEQUENCE  "GORUMI"."LIKE_SEQ"  MINVALUE 1 MAXVALUE 9999999999999999999999999999 INCREMENT BY 1 START WITH 601 CACHE 20 NOORDER  NOCYCLE ;
--------------------------------------------------------
--  DDL for Sequence MAKER_BOARD_SEQ
--------------------------------------------------------

   CREATE SEQUENCE  "GORUMI"."MAKER_BOARD_SEQ"  MINVALUE 1 MAXVALUE 9999999999999999999999999999 INCREMENT BY 1 START WITH 161 CACHE 20 NOORDER  NOCYCLE ;
--------------------------------------------------------
--  DDL for Sequence MEMBER_SEQ
--------------------------------------------------------

   CREATE SEQUENCE  "GORUMI"."MEMBER_SEQ"  MINVALUE 1 MAXVALUE 9999999999999999999999999999 INCREMENT BY 1 START WITH 221 CACHE 20 NOORDER  NOCYCLE ;
--------------------------------------------------------
--  DDL for Sequence NOTICE_SEQ
--------------------------------------------------------

   CREATE SEQUENCE  "GORUMI"."NOTICE_SEQ"  MINVALUE 1 MAXVALUE 9999999999999999999999999999 INCREMENT BY 1 START WITH 101 CACHE 20 NOORDER  NOCYCLE ;
--------------------------------------------------------
--  DDL for Sequence PROJECT_SEQ
--------------------------------------------------------

   CREATE SEQUENCE  "GORUMI"."PROJECT_SEQ"  MINVALUE 1 MAXVALUE 9999999999999999999999999999 INCREMENT BY 1 START WITH 161 CACHE 20 NOORDER  NOCYCLE ;
--------------------------------------------------------
--  DDL for Sequence TEST_SQL
--------------------------------------------------------

   CREATE SEQUENCE  "GORUMI"."TEST_SQL"  MINVALUE 1 MAXVALUE 9999999999999999999999999999 INCREMENT BY 1 START WITH 181 CACHE 20 NOORDER  NOCYCLE ;
REM INSERTING into GORUMI.BUSINESS
SET DEFINE OFF;
Insert into GORUMI.BUSINESS (BUSINESS_NO,BUSINESS_NAME,BUSINESS_CODE,MANAGER_NAME) values (212,'KHKH','131412421   ','모름');
Insert into GORUMI.BUSINESS (BUSINESS_NO,BUSINESS_NAME,BUSINESS_CODE,MANAGER_NAME) values (180,'중앙엠비즈 주식회사','1578574589  ','정인호');
Insert into GORUMI.BUSINESS (BUSINESS_NO,BUSINESS_NAME,BUSINESS_CODE,MANAGER_NAME) values (186,'주식회사 피터페터','1098701952  ','박준호');
Insert into GORUMI.BUSINESS (BUSINESS_NO,BUSINESS_NAME,BUSINESS_CODE,MANAGER_NAME) values (183,'법인법인','123-12345-12','나다');
Insert into GORUMI.BUSINESS (BUSINESS_NO,BUSINESS_NAME,BUSINESS_CODE,MANAGER_NAME) values (184,'ZEROT','125684575   ','오세진');
Insert into GORUMI.BUSINESS (BUSINESS_NO,BUSINESS_NAME,BUSINESS_CODE,MANAGER_NAME) values (185,'바비분식','710-83-31653','유바비');
Insert into GORUMI.BUSINESS (BUSINESS_NO,BUSINESS_NAME,BUSINESS_CODE,MANAGER_NAME) values (193,'슬기','123-12345-12','나다');
Insert into GORUMI.BUSINESS (BUSINESS_NO,BUSINESS_NAME,BUSINESS_CODE,MANAGER_NAME) values (203,'마미손','2232312     ','마미손');
Insert into GORUMI.BUSINESS (BUSINESS_NO,BUSINESS_NAME,BUSINESS_CODE,MANAGER_NAME) values (213,'날백수','1234679879  ','날백수');
Insert into GORUMI.BUSINESS (BUSINESS_NO,BUSINESS_NAME,BUSINESS_CODE,MANAGER_NAME) values (215,'디','디         ','디');
Insert into GORUMI.BUSINESS (BUSINESS_NO,BUSINESS_NAME,BUSINESS_CODE,MANAGER_NAME) values (216,'친해지자','336576866896','쿠키');
Insert into GORUMI.BUSINESS (BUSINESS_NO,BUSINESS_NAME,BUSINESS_CODE,MANAGER_NAME) values (218,'하이','2208147821  ','하이');
Insert into GORUMI.BUSINESS (BUSINESS_NO,BUSINESS_NAME,BUSINESS_CODE,MANAGER_NAME) values (176,'퓨리나사료','410-23-31223','서새이');
Insert into GORUMI.BUSINESS (BUSINESS_NO,BUSINESS_NAME,BUSINESS_CODE,MANAGER_NAME) values (178,'주식회사 파인앤유','751-81-02181','한경규');
REM INSERTING into GORUMI.EVENT
SET DEFINE OFF;
Insert into GORUMI.EVENT (EVENT_NO,EVENT_TITLE,EVENT_CONTENT,WRITE_DATE,FILEPATH,EVENT_WRITER) values (84,'이벤트 테스트입니다.','<p><img src="/upload/event/payback1.jpg" style="width: 1178px;"><br></p>','2021-11-05',null,1);
Insert into GORUMI.EVENT (EVENT_NO,EVENT_TITLE,EVENT_CONTENT,WRITE_DATE,FILEPATH,EVENT_WRITER) values (85,'이벤트 ㅎㅇ','<p><img src="/upload/event/payback2.jpg" style="width: 1178px;"><br></p>','2021-11-05',null,1);
Insert into GORUMI.EVENT (EVENT_NO,EVENT_TITLE,EVENT_CONTENT,WRITE_DATE,FILEPATH,EVENT_WRITER) values (86,'이벤트인데.. 작성이되네.. ','<p><img src="/upload/event/11.jpg" style="width: 1177.33px;"><br></p>','2021-11-05',null,1);
REM INSERTING into GORUMI.FUNDER_CATEGORY
SET DEFINE OFF;
Insert into GORUMI.FUNDER_CATEGORY (FUNDER_CATEGORY) values ('가전');
Insert into GORUMI.FUNDER_CATEGORY (FUNDER_CATEGORY) values ('도서');
Insert into GORUMI.FUNDER_CATEGORY (FUNDER_CATEGORY) values ('리빙');
Insert into GORUMI.FUNDER_CATEGORY (FUNDER_CATEGORY) values ('반려동물');
Insert into GORUMI.FUNDER_CATEGORY (FUNDER_CATEGORY) values ('악세서리');
Insert into GORUMI.FUNDER_CATEGORY (FUNDER_CATEGORY) values ('여행레저');
Insert into GORUMI.FUNDER_CATEGORY (FUNDER_CATEGORY) values ('푸드');
REM INSERTING into GORUMI.FUNDER_LIKE
SET DEFINE OFF;
Insert into GORUMI.FUNDER_LIKE (C_MEMBER_NO,LIKED_BUSINESS_NO,LIKE_NO) values (176,180,374);
Insert into GORUMI.FUNDER_LIKE (C_MEMBER_NO,LIKED_BUSINESS_NO,LIKE_NO) values (178,186,390);
Insert into GORUMI.FUNDER_LIKE (C_MEMBER_NO,LIKED_BUSINESS_NO,LIKE_NO) values (178,184,391);
Insert into GORUMI.FUNDER_LIKE (C_MEMBER_NO,LIKED_BUSINESS_NO,LIKE_NO) values (199,193,415);
Insert into GORUMI.FUNDER_LIKE (C_MEMBER_NO,LIKED_BUSINESS_NO,LIKE_NO) values (178,180,392);
Insert into GORUMI.FUNDER_LIKE (C_MEMBER_NO,LIKED_BUSINESS_NO,LIKE_NO) values (178,178,393);
Insert into GORUMI.FUNDER_LIKE (C_MEMBER_NO,LIKED_BUSINESS_NO,LIKE_NO) values (180,186,395);
Insert into GORUMI.FUNDER_LIKE (C_MEMBER_NO,LIKED_BUSINESS_NO,LIKE_NO) values (180,180,396);
Insert into GORUMI.FUNDER_LIKE (C_MEMBER_NO,LIKED_BUSINESS_NO,LIKE_NO) values (180,178,397);
Insert into GORUMI.FUNDER_LIKE (C_MEMBER_NO,LIKED_BUSINESS_NO,LIKE_NO) values (184,180,402);
Insert into GORUMI.FUNDER_LIKE (C_MEMBER_NO,LIKED_BUSINESS_NO,LIKE_NO) values (184,178,403);
Insert into GORUMI.FUNDER_LIKE (C_MEMBER_NO,LIKED_BUSINESS_NO,LIKE_NO) values (192,186,410);
Insert into GORUMI.FUNDER_LIKE (C_MEMBER_NO,LIKED_BUSINESS_NO,LIKE_NO) values (206,180,526);
Insert into GORUMI.FUNDER_LIKE (C_MEMBER_NO,LIKED_BUSINESS_NO,LIKE_NO) values (199,186,416);
Insert into GORUMI.FUNDER_LIKE (C_MEMBER_NO,LIKED_BUSINESS_NO,LIKE_NO) values (199,180,417);
Insert into GORUMI.FUNDER_LIKE (C_MEMBER_NO,LIKED_BUSINESS_NO,LIKE_NO) values (205,186,419);
Insert into GORUMI.FUNDER_LIKE (C_MEMBER_NO,LIKED_BUSINESS_NO,LIKE_NO) values (205,193,420);
Insert into GORUMI.FUNDER_LIKE (C_MEMBER_NO,LIKED_BUSINESS_NO,LIKE_NO) values (198,186,426);
Insert into GORUMI.FUNDER_LIKE (C_MEMBER_NO,LIKED_BUSINESS_NO,LIKE_NO) values (204,193,463);
Insert into GORUMI.FUNDER_LIKE (C_MEMBER_NO,LIKED_BUSINESS_NO,LIKE_NO) values (200,178,554);
Insert into GORUMI.FUNDER_LIKE (C_MEMBER_NO,LIKED_BUSINESS_NO,LIKE_NO) values (196,184,536);
Insert into GORUMI.FUNDER_LIKE (C_MEMBER_NO,LIKED_BUSINESS_NO,LIKE_NO) values (186,186,499);
Insert into GORUMI.FUNDER_LIKE (C_MEMBER_NO,LIKED_BUSINESS_NO,LIKE_NO) values (198,193,558);
Insert into GORUMI.FUNDER_LIKE (C_MEMBER_NO,LIKED_BUSINESS_NO,LIKE_NO) values (206,193,477);
Insert into GORUMI.FUNDER_LIKE (C_MEMBER_NO,LIKED_BUSINESS_NO,LIKE_NO) values (204,184,464);
Insert into GORUMI.FUNDER_LIKE (C_MEMBER_NO,LIKED_BUSINESS_NO,LIKE_NO) values (204,180,468);
Insert into GORUMI.FUNDER_LIKE (C_MEMBER_NO,LIKED_BUSINESS_NO,LIKE_NO) values (204,178,470);
Insert into GORUMI.FUNDER_LIKE (C_MEMBER_NO,LIKED_BUSINESS_NO,LIKE_NO) values (186,180,501);
Insert into GORUMI.FUNDER_LIKE (C_MEMBER_NO,LIKED_BUSINESS_NO,LIKE_NO) values (186,178,502);
Insert into GORUMI.FUNDER_LIKE (C_MEMBER_NO,LIKED_BUSINESS_NO,LIKE_NO) values (186,193,503);
Insert into GORUMI.FUNDER_LIKE (C_MEMBER_NO,LIKED_BUSINESS_NO,LIKE_NO) values (196,178,516);
Insert into GORUMI.FUNDER_LIKE (C_MEMBER_NO,LIKED_BUSINESS_NO,LIKE_NO) values (1,178,578);
Insert into GORUMI.FUNDER_LIKE (C_MEMBER_NO,LIKED_BUSINESS_NO,LIKE_NO) values (185,186,531);
Insert into GORUMI.FUNDER_LIKE (C_MEMBER_NO,LIKED_BUSINESS_NO,LIKE_NO) values (196,180,515);
Insert into GORUMI.FUNDER_LIKE (C_MEMBER_NO,LIKED_BUSINESS_NO,LIKE_NO) values (211,186,547);
Insert into GORUMI.FUNDER_LIKE (C_MEMBER_NO,LIKED_BUSINESS_NO,LIKE_NO) values (185,184,533);
Insert into GORUMI.FUNDER_LIKE (C_MEMBER_NO,LIKED_BUSINESS_NO,LIKE_NO) values (211,193,548);
Insert into GORUMI.FUNDER_LIKE (C_MEMBER_NO,LIKED_BUSINESS_NO,LIKE_NO) values (211,180,549);
Insert into GORUMI.FUNDER_LIKE (C_MEMBER_NO,LIKED_BUSINESS_NO,LIKE_NO) values (200,193,580);
Insert into GORUMI.FUNDER_LIKE (C_MEMBER_NO,LIKED_BUSINESS_NO,LIKE_NO) values (200,186,551);
Insert into GORUMI.FUNDER_LIKE (C_MEMBER_NO,LIKED_BUSINESS_NO,LIKE_NO) values (200,184,552);
Insert into GORUMI.FUNDER_LIKE (C_MEMBER_NO,LIKED_BUSINESS_NO,LIKE_NO) values (200,180,553);
Insert into GORUMI.FUNDER_LIKE (C_MEMBER_NO,LIKED_BUSINESS_NO,LIKE_NO) values (186,184,565);
Insert into GORUMI.FUNDER_LIKE (C_MEMBER_NO,LIKED_BUSINESS_NO,LIKE_NO) values (1,193,574);
Insert into GORUMI.FUNDER_LIKE (C_MEMBER_NO,LIKED_BUSINESS_NO,LIKE_NO) values (1,186,575);
Insert into GORUMI.FUNDER_LIKE (C_MEMBER_NO,LIKED_BUSINESS_NO,LIKE_NO) values (1,184,576);
Insert into GORUMI.FUNDER_LIKE (C_MEMBER_NO,LIKED_BUSINESS_NO,LIKE_NO) values (1,180,577);
Insert into GORUMI.FUNDER_LIKE (C_MEMBER_NO,LIKED_BUSINESS_NO,LIKE_NO) values (207,193,585);
REM INSERTING into GORUMI.FUNDING_CATEGORY
SET DEFINE OFF;
Insert into GORUMI.FUNDING_CATEGORY (FUNDING_CATEGORY) values ('가전');
Insert into GORUMI.FUNDING_CATEGORY (FUNDING_CATEGORY) values ('도서');
Insert into GORUMI.FUNDING_CATEGORY (FUNDING_CATEGORY) values ('리빙');
Insert into GORUMI.FUNDING_CATEGORY (FUNDING_CATEGORY) values ('반려동물');
Insert into GORUMI.FUNDING_CATEGORY (FUNDING_CATEGORY) values ('악세서리');
Insert into GORUMI.FUNDING_CATEGORY (FUNDING_CATEGORY) values ('여행레저');
Insert into GORUMI.FUNDING_CATEGORY (FUNDING_CATEGORY) values ('푸드');
REM INSERTING into GORUMI.FUNDING_COMMENT
SET DEFINE OFF;
Insert into GORUMI.FUNDING_COMMENT (COMMENT_NO,COMMENT_CONTENT,WRITE_DATE,COMMENT_LEVEL,PROJECT_REF_NO,COMMENT_REF_NO,COMMENT_WRITER) values (151,'성의없는 댓글 안돼요','2021-11-05',2,141,146,178);
Insert into GORUMI.FUNDING_COMMENT (COMMENT_NO,COMMENT_CONTENT,WRITE_DATE,COMMENT_LEVEL,PROJECT_REF_NO,COMMENT_REF_NO,COMMENT_WRITER) values (149,'배송 언제와여!!','2021-11-05',1,147,null,192);
Insert into GORUMI.FUNDING_COMMENT (COMMENT_NO,COMMENT_CONTENT,WRITE_DATE,COMMENT_LEVEL,PROJECT_REF_NO,COMMENT_REF_NO,COMMENT_WRITER) values (150,'개쩔어요','2021-11-05',1,149,null,199);
Insert into GORUMI.FUNDING_COMMENT (COMMENT_NO,COMMENT_CONTENT,WRITE_DATE,COMMENT_LEVEL,PROJECT_REF_NO,COMMENT_REF_NO,COMMENT_WRITER) values (152,'100% 한우 소고기 맞나여','2021-11-05',1,138,null,204);
Insert into GORUMI.FUNDING_COMMENT (COMMENT_NO,COMMENT_CONTENT,WRITE_DATE,COMMENT_LEVEL,PROJECT_REF_NO,COMMENT_REF_NO,COMMENT_WRITER) values (158,'ㅎㅇㅎㅇ','2021-11-05',1,154,null,199);
Insert into GORUMI.FUNDING_COMMENT (COMMENT_NO,COMMENT_CONTENT,WRITE_DATE,COMMENT_LEVEL,PROJECT_REF_NO,COMMENT_REF_NO,COMMENT_WRITER) values (157,'맛있겠다','2021-11-05',1,143,null,198);
Insert into GORUMI.FUNDING_COMMENT (COMMENT_NO,COMMENT_CONTENT,WRITE_DATE,COMMENT_LEVEL,PROJECT_REF_NO,COMMENT_REF_NO,COMMENT_WRITER) values (155,'helloooooooooo','2021-11-05',1,151,null,204);
Insert into GORUMI.FUNDING_COMMENT (COMMENT_NO,COMMENT_CONTENT,WRITE_DATE,COMMENT_LEVEL,PROJECT_REF_NO,COMMENT_REF_NO,COMMENT_WRITER) values (146,'엔터
엔더','2021-11-05',1,141,null,175);
Insert into GORUMI.FUNDING_COMMENT (COMMENT_NO,COMMENT_CONTENT,WRITE_DATE,COMMENT_LEVEL,PROJECT_REF_NO,COMMENT_REF_NO,COMMENT_WRITER) values (156,'상단의 발송예정일 참고 부탁드립니다~','2021-11-05',2,147,149,186);
Insert into GORUMI.FUNDING_COMMENT (COMMENT_NO,COMMENT_CONTENT,WRITE_DATE,COMMENT_LEVEL,PROJECT_REF_NO,COMMENT_REF_NO,COMMENT_WRITER) values (159,'1빠','2021-11-05',1,156,null,200);
Insert into GORUMI.FUNDING_COMMENT (COMMENT_NO,COMMENT_CONTENT,WRITE_DATE,COMMENT_LEVEL,PROJECT_REF_NO,COMMENT_REF_NO,COMMENT_WRITER) values (160,'ㄳ합니다.','2021-11-05',2,156,159,203);
REM INSERTING into GORUMI.FUNDING_LIKE
SET DEFINE OFF;
Insert into GORUMI.FUNDING_LIKE (C_MEMBER_NO,LIKED_PROJECT_NO,LIKE_NO) values (178,149,385);
Insert into GORUMI.FUNDING_LIKE (C_MEMBER_NO,LIKED_PROJECT_NO,LIKE_NO) values (200,138,425);
Insert into GORUMI.FUNDING_LIKE (C_MEMBER_NO,LIKED_PROJECT_NO,LIKE_NO) values (178,147,386);
Insert into GORUMI.FUNDING_LIKE (C_MEMBER_NO,LIKED_PROJECT_NO,LIKE_NO) values (178,146,387);
Insert into GORUMI.FUNDING_LIKE (C_MEMBER_NO,LIKED_PROJECT_NO,LIKE_NO) values (178,143,388);
Insert into GORUMI.FUNDING_LIKE (C_MEMBER_NO,LIKED_PROJECT_NO,LIKE_NO) values (178,141,389);
Insert into GORUMI.FUNDING_LIKE (C_MEMBER_NO,LIKED_PROJECT_NO,LIKE_NO) values (180,147,398);
Insert into GORUMI.FUNDING_LIKE (C_MEMBER_NO,LIKED_PROJECT_NO,LIKE_NO) values (180,146,399);
Insert into GORUMI.FUNDING_LIKE (C_MEMBER_NO,LIKED_PROJECT_NO,LIKE_NO) values (180,143,400);
Insert into GORUMI.FUNDING_LIKE (C_MEMBER_NO,LIKED_PROJECT_NO,LIKE_NO) values (180,141,401);
Insert into GORUMI.FUNDING_LIKE (C_MEMBER_NO,LIKED_PROJECT_NO,LIKE_NO) values (184,147,404);
Insert into GORUMI.FUNDING_LIKE (C_MEMBER_NO,LIKED_PROJECT_NO,LIKE_NO) values (184,146,405);
Insert into GORUMI.FUNDING_LIKE (C_MEMBER_NO,LIKED_PROJECT_NO,LIKE_NO) values (184,149,406);
Insert into GORUMI.FUNDING_LIKE (C_MEMBER_NO,LIKED_PROJECT_NO,LIKE_NO) values (199,149,413);
Insert into GORUMI.FUNDING_LIKE (C_MEMBER_NO,LIKED_PROJECT_NO,LIKE_NO) values (198,147,414);
Insert into GORUMI.FUNDING_LIKE (C_MEMBER_NO,LIKED_PROJECT_NO,LIKE_NO) values (198,138,430);
Insert into GORUMI.FUNDING_LIKE (C_MEMBER_NO,LIKED_PROJECT_NO,LIKE_NO) values (207,147,518);
Insert into GORUMI.FUNDING_LIKE (C_MEMBER_NO,LIKED_PROJECT_NO,LIKE_NO) values (209,149,422);
Insert into GORUMI.FUNDING_LIKE (C_MEMBER_NO,LIKED_PROJECT_NO,LIKE_NO) values (207,149,423);
Insert into GORUMI.FUNDING_LIKE (C_MEMBER_NO,LIKED_PROJECT_NO,LIKE_NO) values (185,152,545);
Insert into GORUMI.FUNDING_LIKE (C_MEMBER_NO,LIKED_PROJECT_NO,LIKE_NO) values (209,151,427);
Insert into GORUMI.FUNDING_LIKE (C_MEMBER_NO,LIKED_PROJECT_NO,LIKE_NO) values (206,151,433);
Insert into GORUMI.FUNDING_LIKE (C_MEMBER_NO,LIKED_PROJECT_NO,LIKE_NO) values (204,151,432);
Insert into GORUMI.FUNDING_LIKE (C_MEMBER_NO,LIKED_PROJECT_NO,LIKE_NO) values (200,147,441);
Insert into GORUMI.FUNDING_LIKE (C_MEMBER_NO,LIKED_PROJECT_NO,LIKE_NO) values (205,147,483);
Insert into GORUMI.FUNDING_LIKE (C_MEMBER_NO,LIKED_PROJECT_NO,LIKE_NO) values (186,147,494);
Insert into GORUMI.FUNDING_LIKE (C_MEMBER_NO,LIKED_PROJECT_NO,LIKE_NO) values (207,153,568);
Insert into GORUMI.FUNDING_LIKE (C_MEMBER_NO,LIKED_PROJECT_NO,LIKE_NO) values (186,152,546);
Insert into GORUMI.FUNDING_LIKE (C_MEMBER_NO,LIKED_PROJECT_NO,LIKE_NO) values (200,152,555);
Insert into GORUMI.FUNDING_LIKE (C_MEMBER_NO,LIKED_PROJECT_NO,LIKE_NO) values (212,138,556);
Insert into GORUMI.FUNDING_LIKE (C_MEMBER_NO,LIKED_PROJECT_NO,LIKE_NO) values (199,147,557);
Insert into GORUMI.FUNDING_LIKE (C_MEMBER_NO,LIKED_PROJECT_NO,LIKE_NO) values (199,154,564);
Insert into GORUMI.FUNDING_LIKE (C_MEMBER_NO,LIKED_PROJECT_NO,LIKE_NO) values (207,140,560);
Insert into GORUMI.FUNDING_LIKE (C_MEMBER_NO,LIKED_PROJECT_NO,LIKE_NO) values (216,158,587);
Insert into GORUMI.FUNDING_LIKE (C_MEMBER_NO,LIKED_PROJECT_NO,LIKE_NO) values (213,153,566);
Insert into GORUMI.FUNDING_LIKE (C_MEMBER_NO,LIKED_PROJECT_NO,LIKE_NO) values (207,158,588);
Insert into GORUMI.FUNDING_LIKE (C_MEMBER_NO,LIKED_PROJECT_NO,LIKE_NO) values (200,154,569);
Insert into GORUMI.FUNDING_LIKE (C_MEMBER_NO,LIKED_PROJECT_NO,LIKE_NO) values (207,154,570);
Insert into GORUMI.FUNDING_LIKE (C_MEMBER_NO,LIKED_PROJECT_NO,LIKE_NO) values (200,153,571);
Insert into GORUMI.FUNDING_LIKE (C_MEMBER_NO,LIKED_PROJECT_NO,LIKE_NO) values (1,154,572);
Insert into GORUMI.FUNDING_LIKE (C_MEMBER_NO,LIKED_PROJECT_NO,LIKE_NO) values (218,154,573);
Insert into GORUMI.FUNDING_LIKE (C_MEMBER_NO,LIKED_PROJECT_NO,LIKE_NO) values (207,152,581);
Insert into GORUMI.FUNDING_LIKE (C_MEMBER_NO,LIKED_PROJECT_NO,LIKE_NO) values (200,156,582);
Insert into GORUMI.FUNDING_LIKE (C_MEMBER_NO,LIKED_PROJECT_NO,LIKE_NO) values (203,156,583);
Insert into GORUMI.FUNDING_LIKE (C_MEMBER_NO,LIKED_PROJECT_NO,LIKE_NO) values (218,157,584);
Insert into GORUMI.FUNDING_LIKE (C_MEMBER_NO,LIKED_PROJECT_NO,LIKE_NO) values (207,156,586);
Insert into GORUMI.FUNDING_LIKE (C_MEMBER_NO,LIKED_PROJECT_NO,LIKE_NO) values (215,152,589);
Insert into GORUMI.FUNDING_LIKE (C_MEMBER_NO,LIKED_PROJECT_NO,LIKE_NO) values (185,158,590);
Insert into GORUMI.FUNDING_LIKE (C_MEMBER_NO,LIKED_PROJECT_NO,LIKE_NO) values (207,157,591);
Insert into GORUMI.FUNDING_LIKE (C_MEMBER_NO,LIKED_PROJECT_NO,LIKE_NO) values (215,158,592);
Insert into GORUMI.FUNDING_LIKE (C_MEMBER_NO,LIKED_PROJECT_NO,LIKE_NO) values (200,158,593);
Insert into GORUMI.FUNDING_LIKE (C_MEMBER_NO,LIKED_PROJECT_NO,LIKE_NO) values (213,158,594);
Insert into GORUMI.FUNDING_LIKE (C_MEMBER_NO,LIKED_PROJECT_NO,LIKE_NO) values (1,158,595);
REM INSERTING into GORUMI.MAKER_BOARD
SET DEFINE OFF;
Insert into GORUMI.MAKER_BOARD (WRITER_NO,BUSINESS_NAME,OPEN_DATE,BOARD_EMAIL,SEARCH_TAG,SKILL_NAME,SKILL_LEVEL,COMPANY_ADDR,COMPANY_INTRO,PROFILE_FILEPATH,FUNDER_CATEGORY,MAKER_BOARD_NO,WRITE_DATE) values (180,'중앙엠비즈 주식회사','2017-05-14','jmbiz1216@naver.com','라면/딱새우/딱새우 라면/제주바다/딱새우 로스팅/제주 해물육수/제주바다의 깊은 맛/얼큰한 라면/담백하고 진한 해물육수/해물육수/제철진미',null,null,'서울 강동구 올림픽로 660','2019년에 설립한 대한민국 유통&마케팅 전문회사입니다.
다양한 제품을 다양한 판매채널을 통해 매년 2배이상의 성장을 목표로 사업을 진행하고 있습니다.
앞으로는 자사 브랜드와 자사 판매 플랫폼을 론칭하여 경쟁력을 더 높이고
대한민국 신흥 유통강자가 되기 위해 전 직원 모두 최선을 다하고 있습니다.','joongand.jpg','푸드',143,'2021-11-05');
Insert into GORUMI.MAKER_BOARD (WRITER_NO,BUSINESS_NAME,OPEN_DATE,BOARD_EMAIL,SEARCH_TAG,SKILL_NAME,SKILL_LEVEL,COMPANY_ADDR,COMPANY_INTRO,PROFILE_FILEPATH,FUNDER_CATEGORY,MAKER_BOARD_NO,WRITE_DATE) values (193,'슬기','1756-01-14','qwer1234@gmail.com','펀더','누워있기','국가자격증','경기 성남시 분당구 판교역로 235','하이','뚱이2.jpg','푸드',149,'2021-11-05');
Insert into GORUMI.MAKER_BOARD (WRITER_NO,BUSINESS_NAME,OPEN_DATE,BOARD_EMAIL,SEARCH_TAG,SKILL_NAME,SKILL_LEVEL,COMPANY_ADDR,COMPANY_INTRO,PROFILE_FILEPATH,FUNDER_CATEGORY,MAKER_BOARD_NO,WRITE_DATE) values (184,'ZEROT','2020-01-15','admin@zeroilab.com','모자/탈모/탈모 고민/모발인장력개선/임상완료/모발고민/탈모 모자/LED 헤어관리기기/헤어토닉','로봇 하드웨어 개발기사/PC 마스터 자격증/PC 정비사 1급/PC 정비사 2급','국가자격증/민간자격증/민간자격증/민간자격증','서울 강서구 가로공원로 174-5','한국 모자의 우수성을 세계에 알리고 있습니다.
저희 ZEROT은 모자(Fabric Cap) + 하드웨어(Hardware)를 결합한 
스마트 모자를 개발해 양산에 성공했습니다. 

현재 미국과 일본에 소개되어 좋은 반응을 얻고있습니다.

구르밍을 통해 국내 고객분들께 처음으로 제로아이를 소개하게 되었습니다. 
국내 최대 크라우드펀딩 사이트인 구르밍에서, 앞선 감각과 트랜드를 가지신 구르밍 서포터분들께 제일 먼저 소개드리고 싶었습니다. 
구르밍 서포터분들의 소중한 의견을 듣도록 하겠습니다. ','111.png','가전',145,'2021-11-05');
Insert into GORUMI.MAKER_BOARD (WRITER_NO,BUSINESS_NAME,OPEN_DATE,BOARD_EMAIL,SEARCH_TAG,SKILL_NAME,SKILL_LEVEL,COMPANY_ADDR,COMPANY_INTRO,PROFILE_FILEPATH,FUNDER_CATEGORY,MAKER_BOARD_NO,WRITE_DATE) values (186,'주식회사 피터페터','2020-06-17','junhopark@pitterpetter.com','반려냥/애완동물/반려묘/건강 검진/유전자 검사/반려동물/강아지/고양이/도그마/맞춤형 건강관리 서비스/건광관리','반려동물관리사/동물간호복지사/동물보건사/반려동물 행동 교정사','민간자격증/민간자격증/국가자격증/민간자격증','제주특별자치도 제주시 첨단로 330','피터페터는 반려동물의 유전체를 분석해 질병예방 및 맞춤형 건강관리 서비스를 제공하는 펫테크 스타트업입니다. 
저희 회사는 반려인과 반려동물이 함께 삶의 질을 높일 수 있는 사회를 만드는 것입니다.

피터페터는 중소벤처기업부가 지원하는 ‘2020 예비 창업패키지’를 통해 2020년 6월 설립됐으며 반려동물의 유전적 데이터를 기반으로 질병 위험군을 분류, 전문적인 질병 예방 컨설팅을 제공하는 서비스 캣터링(CATERING)과 도그마(DOGMA)를 출시 준비 중입니다.

‘도전! K-스타트업 2020’ 등 다양한 창업 경진 대회의 입상을 통해 그 가치를 증명해나가고 있습니다.

BT와 IT 그리고 수의학
반려동물에게 질병이 발생할 시 반려동물은 물론 반려인 또한 고통스러운 시간을 보내게 됩니다. 의료 비용 역시 상당히 소요되기에, 저희 피터페터는 이를 개선하고자 BT(바이오기술), IT(정보기술), 수의학 전문가들과 반려동물의 유전체 분석을 통해 질병 예방에 도움이 되는 체계적인 건강관리 방법을 개발해 왔습니다.

피터페터는 이와 연계된 서비스들을 꾸준히 연구해 반려인과 반려동물 모두가 더 건강하고 행복한 삶을 살 수 있도록 돕겠습니다.','logo.jpg','반려동물',146,'2021-11-05');
Insert into GORUMI.MAKER_BOARD (WRITER_NO,BUSINESS_NAME,OPEN_DATE,BOARD_EMAIL,SEARCH_TAG,SKILL_NAME,SKILL_LEVEL,COMPANY_ADDR,COMPANY_INTRO,PROFILE_FILEPATH,FUNDER_CATEGORY,MAKER_BOARD_NO,WRITE_DATE) values (178,'주식회사 파인앤유','2018-12-01','info@finenyou.com','식품/건강기능식품/건강식품/가정식 건강식품/건강식품 브랜드/파인앤유/바닐라닙스/달포해포/효소식품/코코아향/달포해포 바닐라닙스/코코아 효소/건강한 일상 밸런스','식품기사 자격증/식품가공 기능사/영양사 자격증/식품산업기사 자격증/조리기능사','국가자격증/국가자격증/국가자격증/국가자격증/국가자격증','서울 중구 남대문로7길 16','"아내의 건강을 위한 시작으로"
아내가 야근, 회식, 업무스트레스, 잦은 인스턴트 음식 섭취 등으로 
소화가 안되니 만성피로와 건강도 안 좋아지고 전체적으로
몸의 균형이 무너지게 되었습니다.

소화불량을 겪는 아내가 걱정되어 많은 건강식품들을 찾게 되었고
많은 제품들이 원가 절감을 위하여 값싼 원료와 방부제, 첨가제들을 넣는 것을 알게되었습니다.

이에 가족이 소화불량에 시달리는 우리와 비슷한 분들과 함께 고민하여
내 아내, 온 가족이 함께 먹을 수 있는 안전하고 건강한 제품을 직접 개발하기 시작했습니다.

여러분의 건강은 어떠신가요?
I''m fine and you?

파인앤유는 여러분 모두 건강한 삶을 유지하도록
안전하고 건강한 품질의 제품과 서비스에 가치를 제공한다는 사명을 가지고
여러분 곁에서 건강의 안부를 묻는 동반자가 될 것 입니다.

가정식 건강식품 브랜드
내 가족이 믿고 먹을 수 있는 제품을 위하여 파인앤유는 처음과 끝,
원료의 성분부터 포장까지 건강을 위해 노력합니다.

내 가족을 생각하듯이 고객을 생각하며 고객과 가족은 하나라는 생각으로
지친 모두에게 가족과 같은 편안함과 익숙함으로 여러분의 일상에 함께 하겠습니다.','finenyou.jpg','푸드',142,'2021-11-04');
REM INSERTING into GORUMI.MAKER_INFO
SET DEFINE OFF;
Insert into GORUMI.MAKER_INFO (MAKER_INFO_NO,TRADE_BANK,ACCOUNT_NUMBER,DEPOSIT_NAME) values (138,'카카오뱅크',66666666,'김멍멍');
Insert into GORUMI.MAKER_INFO (MAKER_INFO_NO,TRADE_BANK,ACCOUNT_NUMBER,DEPOSIT_NAME) values (140,'카카오뱅크',8121568191,'구웅');
Insert into GORUMI.MAKER_INFO (MAKER_INFO_NO,TRADE_BANK,ACCOUNT_NUMBER,DEPOSIT_NAME) values (141,'신한은행',1471587457,'한경규');
Insert into GORUMI.MAKER_INFO (MAKER_INFO_NO,TRADE_BANK,ACCOUNT_NUMBER,DEPOSIT_NAME) values (153,'신한은행',123,'123');
Insert into GORUMI.MAKER_INFO (MAKER_INFO_NO,TRADE_BANK,ACCOUNT_NUMBER,DEPOSIT_NAME) values (143,'국민은행',25687452,'김성환');
Insert into GORUMI.MAKER_INFO (MAKER_INFO_NO,TRADE_BANK,ACCOUNT_NUMBER,DEPOSIT_NAME) values (146,'농협은행',25478541,'오세진');
Insert into GORUMI.MAKER_INFO (MAKER_INFO_NO,TRADE_BANK,ACCOUNT_NUMBER,DEPOSIT_NAME) values (147,'하나은행',57485123,'박준호');
Insert into GORUMI.MAKER_INFO (MAKER_INFO_NO,TRADE_BANK,ACCOUNT_NUMBER,DEPOSIT_NAME) values (151,'국민은행',12341234,'뚱이');
Insert into GORUMI.MAKER_INFO (MAKER_INFO_NO,TRADE_BANK,ACCOUNT_NUMBER,DEPOSIT_NAME) values (152,'카카오뱅크',12341234,'이슬기');
Insert into GORUMI.MAKER_INFO (MAKER_INFO_NO,TRADE_BANK,ACCOUNT_NUMBER,DEPOSIT_NAME) values (149,'카카오뱅크',1901760192,'유바비');
Insert into GORUMI.MAKER_INFO (MAKER_INFO_NO,TRADE_BANK,ACCOUNT_NUMBER,DEPOSIT_NAME) values (154,'신한은행',111111111,'2');
Insert into GORUMI.MAKER_INFO (MAKER_INFO_NO,TRADE_BANK,ACCOUNT_NUMBER,DEPOSIT_NAME) values (156,'농협은행',1,'마미손');
Insert into GORUMI.MAKER_INFO (MAKER_INFO_NO,TRADE_BANK,ACCOUNT_NUMBER,DEPOSIT_NAME) values (157,'신한은행',1111,'11');
Insert into GORUMI.MAKER_INFO (MAKER_INFO_NO,TRADE_BANK,ACCOUNT_NUMBER,DEPOSIT_NAME) values (158,'신한은행',1109872222,'쿠키');
REM INSERTING into GORUMI.MEMBER
SET DEFINE OFF;
Insert into GORUMI.MEMBER (C_MEMBER_NO,C_NAME,C_PASSWORD,C_PHONE,C_ENROLL_DATE,C_EMAIL,C_LEVEL) values (1,'변덕이','1234','010-0000-0000','2021-10-21','admin@gmail.com',1);
Insert into GORUMI.MEMBER (C_MEMBER_NO,C_NAME,C_PASSWORD,C_PHONE,C_ENROLL_DATE,C_EMAIL,C_LEVEL) values (176,'구웅','2111041004','010-4313-1234','2021-11-04','9woong@gmail.com',3);
Insert into GORUMI.MEMBER (C_MEMBER_NO,C_NAME,C_PASSWORD,C_PHONE,C_ENROLL_DATE,C_EMAIL,C_LEVEL) values (178,'한경규','1234','070-8830-8383','2021-11-04','path@finenyou.com',3);
Insert into GORUMI.MEMBER (C_MEMBER_NO,C_NAME,C_PASSWORD,C_PHONE,C_ENROLL_DATE,C_EMAIL,C_LEVEL) values (179,'이슬기','1234','010-1234-1234','2021-11-04','seulgi1234@gmail.com',3);
Insert into GORUMI.MEMBER (C_MEMBER_NO,C_NAME,C_PASSWORD,C_PHONE,C_ENROLL_DATE,C_EMAIL,C_LEVEL) values (180,'엠비즈','1234','070-5226-0387','2021-11-05','jmbiz1216@naver.com',3);
Insert into GORUMI.MEMBER (C_MEMBER_NO,C_NAME,C_PASSWORD,C_PHONE,C_ENROLL_DATE,C_EMAIL,C_LEVEL) values (186,'박준호','1234','070-4515-7760','2021-11-05','junhopark@pitterpetter.com',3);
Insert into GORUMI.MEMBER (C_MEMBER_NO,C_NAME,C_PASSWORD,C_PHONE,C_ENROLL_DATE,C_EMAIL,C_LEVEL) values (183,'이슬기','1234','010-1234-1234','2021-11-05','asd@gmail.com',2);
Insert into GORUMI.MEMBER (C_MEMBER_NO,C_NAME,C_PASSWORD,C_PHONE,C_ENROLL_DATE,C_EMAIL,C_LEVEL) values (184,'오세진','1234','010-9798-2577','2021-11-05','admin@zeroilab.com',3);
Insert into GORUMI.MEMBER (C_MEMBER_NO,C_NAME,C_PASSWORD,C_PHONE,C_ENROLL_DATE,C_EMAIL,C_LEVEL) values (185,'유바비','2111051217','010-2987-9123','2021-11-05','mimi_u0915@gmail.com',3);
Insert into GORUMI.MEMBER (C_MEMBER_NO,C_NAME,C_PASSWORD,C_PHONE,C_ENROLL_DATE,C_EMAIL,C_LEVEL) values (193,'펀더','1234','010-1234-1234','2021-11-05','funder@gmail.com',3);
Insert into GORUMI.MEMBER (C_MEMBER_NO,C_NAME,C_PASSWORD,C_PHONE,C_ENROLL_DATE,C_EMAIL,C_LEVEL) values (191,'이슬','1234','010-5678-5678','2021-11-05','seulgi0907@gmail.com',3);
Insert into GORUMI.MEMBER (C_MEMBER_NO,C_NAME,C_PASSWORD,C_PHONE,C_ENROLL_DATE,C_EMAIL,C_LEVEL) values (194,'하하호호','dbswltjd11','010-1111-2222','2021-11-05','thswotlrsla@naver.com',2);
Insert into GORUMI.MEMBER (C_MEMBER_NO,C_NAME,C_PASSWORD,C_PHONE,C_ENROLL_DATE,C_EMAIL,C_LEVEL) values (192,'펀딩펀딩','1234','010-1234-1234','2021-11-05','funding@gmail.com',2);
Insert into GORUMI.MEMBER (C_MEMBER_NO,C_NAME,C_PASSWORD,C_PHONE,C_ENROLL_DATE,C_EMAIL,C_LEVEL) values (204,'김유저','Hello1234','010-2222-2222','2021-11-05','test01@gmail.com',2);
Insert into GORUMI.MEMBER (C_MEMBER_NO,C_NAME,C_PASSWORD,C_PHONE,C_ENROLL_DATE,C_EMAIL,C_LEVEL) values (196,'김나라','1234','010-1234-4254','2021-11-05','test@a.a',2);
Insert into GORUMI.MEMBER (C_MEMBER_NO,C_NAME,C_PASSWORD,C_PHONE,C_ENROLL_DATE,C_EMAIL,C_LEVEL) values (198,'김구름','1234','010-1235-1234','2021-11-05','1234@naver.com',2);
Insert into GORUMI.MEMBER (C_MEMBER_NO,C_NAME,C_PASSWORD,C_PHONE,C_ENROLL_DATE,C_EMAIL,C_LEVEL) values (199,'히로엄마','123456','010-1234-1221','2021-11-05','hiro@gmail.com',2);
Insert into GORUMI.MEMBER (C_MEMBER_NO,C_NAME,C_PASSWORD,C_PHONE,C_ENROLL_DATE,C_EMAIL,C_LEVEL) values (200,'랄라','lala1111','010-1010-1010','2021-11-05','lala@naver.com',2);
Insert into GORUMI.MEMBER (C_MEMBER_NO,C_NAME,C_PASSWORD,C_PHONE,C_ENROLL_DATE,C_EMAIL,C_LEVEL) values (203,'해해히히','dbswltjd11','010-2222-4444','2021-11-05','thswotlrsla@gmail.com',3);
Insert into GORUMI.MEMBER (C_MEMBER_NO,C_NAME,C_PASSWORD,C_PHONE,C_ENROLL_DATE,C_EMAIL,C_LEVEL) values (205,'디','1234','010-1111-1111','2021-11-05','d@d.d',2);
Insert into GORUMI.MEMBER (C_MEMBER_NO,C_NAME,C_PASSWORD,C_PHONE,C_ENROLL_DATE,C_EMAIL,C_LEVEL) values (206,'이윤수','a123123','010-1111-1111','2021-11-05','dddd@dddsfsdf.com',2);
Insert into GORUMI.MEMBER (C_MEMBER_NO,C_NAME,C_PASSWORD,C_PHONE,C_ENROLL_DATE,C_EMAIL,C_LEVEL) values (207,'테스터','123456','010-0000-0000','2021-11-05','test@naver.com',2);
Insert into GORUMI.MEMBER (C_MEMBER_NO,C_NAME,C_PASSWORD,C_PHONE,C_ENROLL_DATE,C_EMAIL,C_LEVEL) values (209,'테스터','1234','010-0000-0000','2021-11-05','tester@gmail.com',2);
Insert into GORUMI.MEMBER (C_MEMBER_NO,C_NAME,C_PASSWORD,C_PHONE,C_ENROLL_DATE,C_EMAIL,C_LEVEL) values (210,'유저','123456','010-8888-8888','2021-11-05','user08@gmail.com',2);
Insert into GORUMI.MEMBER (C_MEMBER_NO,C_NAME,C_PASSWORD,C_PHONE,C_ENROLL_DATE,C_EMAIL,C_LEVEL) values (211,'효소','222222','010-1111-2222','2021-11-05','kkk@naver.com',2);
Insert into GORUMI.MEMBER (C_MEMBER_NO,C_NAME,C_PASSWORD,C_PHONE,C_ENROLL_DATE,C_EMAIL,C_LEVEL) values (212,'김펀더','Hello1234','010-4123-1234','2021-11-05','test012@gmail.com',3);
Insert into GORUMI.MEMBER (C_MEMBER_NO,C_NAME,C_PASSWORD,C_PHONE,C_ENROLL_DATE,C_EMAIL,C_LEVEL) values (213,'날백수','1234','010-1234-4567','2021-11-05','abc@a.a',3);
Insert into GORUMI.MEMBER (C_MEMBER_NO,C_NAME,C_PASSWORD,C_PHONE,C_ENROLL_DATE,C_EMAIL,C_LEVEL) values (215,'디디','1234','010-1234-1234','2021-11-05','dd@d.d',3);
Insert into GORUMI.MEMBER (C_MEMBER_NO,C_NAME,C_PASSWORD,C_PHONE,C_ENROLL_DATE,C_EMAIL,C_LEVEL) values (216,'알러뷰','2222','010-9999-8888','2021-11-05','hhh@naver.com',3);
Insert into GORUMI.MEMBER (C_MEMBER_NO,C_NAME,C_PASSWORD,C_PHONE,C_ENROLL_DATE,C_EMAIL,C_LEVEL) values (218,'펀드','1234','010-0000-0000','2021-11-05','fund@gmail.com',3);
Insert into GORUMI.MEMBER (C_MEMBER_NO,C_NAME,C_PASSWORD,C_PHONE,C_ENROLL_DATE,C_EMAIL,C_LEVEL) values (219,'구르밍','a123','010-0000-0000','2021-11-05','zzzz@naver.com',2);
Insert into GORUMI.MEMBER (C_MEMBER_NO,C_NAME,C_PASSWORD,C_PHONE,C_ENROLL_DATE,C_EMAIL,C_LEVEL) values (175,'김유미','211104','010-7777-8767','2021-11-04','youmikim@gmail.com',2);
REM INSERTING into GORUMI.NOTICE
SET DEFINE OFF;
Insert into GORUMI.NOTICE (NOTICE_NO,NOTICE_TITLE,NOTICE_CONTENT,WRITE_DATE,FILEPATH,NOTICE_WRITER) values (88,'[공지] ㅎㅇ','<p>ㅎㅇㅎㅇ</p>','2021-11-05',null,1);
REM INSERTING into GORUMI.PAYMENT_INFO
SET DEFINE OFF;
Insert into GORUMI.PAYMENT_INFO (PAYMENT_NO,QUANTITY,RECEIVE_ADDR,ORDER_DATE,RECEIVE_NAME,RECEIVE_PHONE,PROJECT_NO,C_MEMBER_NO) values (2021115114631,1,'서울 강남구 남부순환로 2609','20211105114702     ','11','11           ',147,184);
Insert into GORUMI.PAYMENT_INFO (PAYMENT_NO,QUANTITY,RECEIVE_ADDR,ORDER_DATE,RECEIVE_NAME,RECEIVE_PHONE,PROJECT_NO,C_MEMBER_NO) values (202111423402,1,'울산 울주군 온산읍 삼평길 16에라이','20211104234051     ','리리','010-2727-2727',138,179);
Insert into GORUMI.PAYMENT_INFO (PAYMENT_NO,QUANTITY,RECEIVE_ADDR,ORDER_DATE,RECEIVE_NAME,RECEIVE_PHONE,PROJECT_NO,C_MEMBER_NO) values (2021115114915,1,'서울 강서구 가로공원로 173','20211105115047     ','2','2            ',147,178);
Insert into GORUMI.PAYMENT_INFO (PAYMENT_NO,QUANTITY,RECEIVE_ADDR,ORDER_DATE,RECEIVE_NAME,RECEIVE_PHONE,PROJECT_NO,C_MEMBER_NO) values (202111517632,1,'경기 성남시 분당구 판교역로 235123','20211105170700     ','이슬기','010-1234-1234',147,192);
Insert into GORUMI.PAYMENT_INFO (PAYMENT_NO,QUANTITY,RECEIVE_ADDR,ORDER_DATE,RECEIVE_NAME,RECEIVE_PHONE,PROJECT_NO,C_MEMBER_NO) values (2021115115348,1,'서울 강서구 가로공원로 173','20211105115406     ','2','2            ',146,178);
Insert into GORUMI.PAYMENT_INFO (PAYMENT_NO,QUANTITY,RECEIVE_ADDR,ORDER_DATE,RECEIVE_NAME,RECEIVE_PHONE,PROJECT_NO,C_MEMBER_NO) values (2021115115432,21,'서울 구로구 중앙로17길 52','20211105115451     ','3','3            ',149,178);
Insert into GORUMI.PAYMENT_INFO (PAYMENT_NO,QUANTITY,RECEIVE_ADDR,ORDER_DATE,RECEIVE_NAME,RECEIVE_PHONE,PROJECT_NO,C_MEMBER_NO) values (2021115175532,10,'서울 영등포구 선유로 11','20211105175617     ','d','d            ',147,205);
Insert into GORUMI.PAYMENT_INFO (PAYMENT_NO,QUANTITY,RECEIVE_ADDR,ORDER_DATE,RECEIVE_NAME,RECEIVE_PHONE,PROJECT_NO,C_MEMBER_NO) values (2021115175535,1,'경기 김포시 감암로 122222222222','20211105175710     ','코코','010-2222-3333',149,211);
Insert into GORUMI.PAYMENT_INFO (PAYMENT_NO,QUANTITY,RECEIVE_ADDR,ORDER_DATE,RECEIVE_NAME,RECEIVE_PHONE,PROJECT_NO,C_MEMBER_NO) values (2021115175727,1,'서울 동대문구 서울시립대로 7ㅎ','20211105175850     ','ㅇㅅㅇ','010-1234-1234',147,198);
Insert into GORUMI.PAYMENT_INFO (PAYMENT_NO,QUANTITY,RECEIVE_ADDR,ORDER_DATE,RECEIVE_NAME,RECEIVE_PHONE,PROJECT_NO,C_MEMBER_NO) values (202111518254,15,'서울 강남구 가로수길 523','20211105180411     ','테스','010-0000-0000',151,209);
REM INSERTING into GORUMI.PROJECT_BASIC_INFO
SET DEFINE OFF;
Insert into GORUMI.PROJECT_BASIC_INFO (PROJECT_NO,BUSINESS_NO,PROJECT_TITLE,TARGET_PRICE,FILEPATH,END_DATE,PROJECT_STORY,FUNDING_CATEGORY,START_DATE) values (138,176,'우리 강아지의 스트레스!!한우스틱으로 해소하자!!',100000,'bowwowstick1.jpg','2021-11-17','<p>주의사항</p><p><br></p><p>-냉장 보관 제품입니다</p><p><br></p><p>-전자레인지 및 가열해서 급여하지 마세요</p><p><br></p><p>-생후 6개월 이후 급여를 권장합니다.</p><p><br></p><p>-급여 중 반려동물의 체질에 따라 민감한 반응이 나타날 경우 즉시 급여 중단해주세요</p><p><br></p><p>&nbsp;</p><p><br></p><p>배송안내</p><p><br></p><p>-택배사 : 롯데택배</p><p><br></p><p>-발송 방법 : 11월 17일 부터 펀딩 순서에따라 순차적으로 발송</p><p><br></p><p>-포장상태 : 개별 포장 후 박스 포장</p><p><br></p><p>-문의전화 : 010.3730.0265</p><p><br></p><p>-상담 가능 시간 : 평일 오전 10시~오후 5시</p>','반려동물','2021-11-05');
Insert into GORUMI.PROJECT_BASIC_INFO (PROJECT_NO,BUSINESS_NO,PROJECT_TITLE,TARGET_PRICE,FILEPATH,END_DATE,PROJECT_STORY,FUNDING_CATEGORY,START_DATE) values (140,176,'모이스트루 고양이 참치 파우치 간식',10000000,'catfood.jpg','2022-12-29','<p>모이스트루란?</p><br>
<p>MOIST(수분)과 TRUE(진실)의 합성어로서, 모이스트루는 애묘의 생리와 건강을 지키기 위해</p><br>
<p>동원이 엄격한 원료 선별과 직접 제조를 통해 만들어낸</p><br>
<p>신체 내  수분 밸런스의 균형에 도움을 주는 풍미가 뛰어난 영양스프입니다.</p><br>

<p>국내 최대 참치업체 동원이 제대로 만든 펫푸드 모이스트루 참치 영양스프</p><br>
<p>참을 수 없는 스프의 참 맛으로 반려묘를 위한 습식 사료 제품입니다.</p><br>
<p>오메가3 필수 지방산이 풍부한 참치로 제작하고 향이 진하고 부드러운 무스 타입의 제형 입니다.</p><br>
<p>영양가득 습식캔은 신체 내 수분 밸런스가 애묘의 생리와 건강을 지키는데 매우 중요한 역할 합니다.</p><br>

<p>반려묘를 사랑한다면 지금 당장 펀딩에 참여해주세요.</p><br>','반려동물','2021-11-04');
Insert into GORUMI.PROJECT_BASIC_INFO (PROJECT_NO,BUSINESS_NO,PROJECT_TITLE,TARGET_PRICE,FILEPATH,END_DATE,PROJECT_STORY,FUNDING_CATEGORY,START_DATE) values (141,178,'코코아 향이 피었습니다. 정~말 맛있는 효소식품. 달포해포 바닐라닙스',500000,'fine0111.jpg','2021-11-30','<p style="text-align: center; "><span style="color: rgb(103, 99, 99); font-family: Roboto, &quot;Noto Sans KR&quot;, sans-serif; font-size: 18px; letter-spacing: -0.24px; background-color: rgb(255, 255, 255);">코코아를 효소로 먹는다고? 효소식품=청국장 맛의 틀을 바꿨습니다. </span></p><p style="text-align: center; "><span style="color: rgb(103, 99, 99); font-family: Roboto, &quot;Noto Sans KR&quot;, sans-serif; font-size: 18px; letter-spacing: -0.24px; background-color: rgb(255, 255, 255);">우리 몸의 건강한 일상 밸런스를 위한 한 포! 달포해포 바닐라닙스와 함께 하세요!</span></p><p style="text-align: center; "><span style="color: rgb(103, 99, 99); font-family: Roboto, &quot;Noto Sans KR&quot;, sans-serif; font-size: 18px; letter-spacing: -0.24px; background-color: rgb(255, 255, 255);"><br></span></p><h1 style="text-align: center; "><h1><b><span style="color: rgb(103, 99, 99); font-family: Roboto, &quot;Noto Sans KR&quot;, sans-serif; font-size: 18px; letter-spacing: -0.24px; background-color: rgb(255, 255, 255);"><span style="font-family: ns_400;">"</span></span></b></h1><b><span style="color: rgb(103, 99, 99); font-family: Roboto, &quot;Noto Sans KR&quot;, sans-serif; font-size: 18px; letter-spacing: -0.24px; background-color: rgb(255, 255, 255);">SAVE THE EARTH<br></span><font color="#676363" face="Roboto, Noto Sans KR, sans-serif"><span style="font-size: 18px; letter-spacing: -0.24px; background-color: rgb(255, 255, 255);">친환경 종이 사용<br></span></font><span style="color: rgb(103, 99, 99); font-family: Roboto, &quot;Noto Sans KR&quot;, sans-serif; font-size: 18px; letter-spacing: -0.24px; background-color: rgb(255, 255, 255);">"</span></b></h1><p style="text-align: center; ">저희 파인앤유는 비닐 소재의 완충재가 아닌</p><p style="text-align: center; ">100% 재활용이 가능한 종이완충제(FSC인증) 및</p><p style="text-align: center; ">재활용 가능한 패키지, 스틱포 사용을 통하여</p><p style="text-align: center; ">지구를 지키기 위한 작은 노력을 실천합니다.</p>','푸드','2021-10-21');
Insert into GORUMI.PROJECT_BASIC_INFO (PROJECT_NO,BUSINESS_NO,PROJECT_TITLE,TARGET_PRICE,FILEPATH,END_DATE,PROJECT_STORY,FUNDING_CATEGORY,START_DATE) values (143,180,'[제주바다의 깊은 맛] 딱새우 라면 !',80000,'1212sowon4.jfif','2021-11-17','<div style="text-align: center;"><br></div><h2 style="text-align: center;">제주 딱새우가 품은<br>제주 바다의 감칠맛!</h2><p style="text-align: center;"><br></p><div style="text-align: center;">[진공 로스팅] 기술 (특허출원 중)로 티백 속에 제주 딱새우의 맛을 꽉! 잡아두다 !</div><div style="text-align: center;"><br></div><div style="text-align: center;">단 3분이면,</div><div style="text-align: center;">제주 딱새우의 담백하면서도 달달하고 깊은 제주 바다의 맛이 진하게 우러납니다!</div><div style="text-align: center;"><br></div><h1 style="text-align: center;">라면 어디까지 먹어봤니?</h1><div style="text-align: center;"><br></div><div style="text-align: center;">시원하고 진한 국물 맛을 위해 우리가 넣는 바지락, 문어, 쭈꾸미, 일반새우, 치즈, 계란 등등..</div><div style="text-align: center;"><br></div><div style="text-align: center;">근데 그거 아니?</div><div style="text-align: center;">국물 맛의 핵인싸는 따로 있다는 사실 !</div>','푸드','2021-10-29');
Insert into GORUMI.PROJECT_BASIC_INFO (PROJECT_NO,BUSINESS_NO,PROJECT_TITLE,TARGET_PRICE,FILEPATH,END_DATE,PROJECT_STORY,FUNDING_CATEGORY,START_DATE) values (146,184,'모발인장력개선 임상완료, 모발고민! 더 늦기전 관리해요',400000,'1215sowon.jpg','2021-12-31','<h1 id="project-summary" data-tab-title="summary" class="title" style="text-align: center; margin-bottom: 12px; border: 0px; vertical-align: baseline; font-variant-numeric: inherit; font-variant-east-asian: inherit; font-weight: 700; font-stretch: inherit; font-size: 32px; line-height: 40px; font-family: Roboto, &quot;Noto Sans KR&quot;, sans-serif; color: rgba(0, 0, 0, 0.84); letter-spacing: -1.1px; word-break: break-all;">"모자 스타일"의</h1><p style="text-align: center; margin-bottom: 12px; border: 0px; vertical-align: baseline; font-variant-numeric: inherit; font-variant-east-asian: inherit; font-weight: 700; font-stretch: inherit; font-size: 32px; line-height: 40px; font-family: Roboto, &quot;Noto Sans KR&quot;, sans-serif; color: rgba(0, 0, 0, 0.84); letter-spacing: -1.1px; word-break: break-all;">LED 헤어 관리기</p><p style="text-align: center; margin-bottom: 12px; border: 0px; vertical-align: baseline; font-variant-numeric: inherit; font-variant-east-asian: inherit; font-weight: 700; font-stretch: inherit; font-size: 32px; line-height: 40px; font-family: Roboto, &quot;Noto Sans KR&quot;, sans-serif; color: rgba(0, 0, 0, 0.84); letter-spacing: -1.1px; word-break: break-all;">들어보셨나요?</p><p style="text-align: center; margin-bottom: 12px; border: 0px; vertical-align: baseline; font-variant-numeric: inherit; font-variant-east-asian: inherit; font-weight: 700; font-stretch: inherit; font-size: 32px; line-height: 40px; font-family: Roboto, &quot;Noto Sans KR&quot;, sans-serif; color: rgba(0, 0, 0, 0.84); letter-spacing: -1.1px; word-break: break-all;"><br></p><p style="text-align: center; margin-bottom: 12px; border: 0px; vertical-align: baseline; font-variant-numeric: inherit; font-variant-east-asian: inherit; font-weight: 700; font-stretch: inherit; font-size: 32px; line-height: 40px; font-family: Roboto, &quot;Noto Sans KR&quot;, sans-serif; color: rgba(0, 0, 0, 0.84); letter-spacing: -1.1px; word-break: break-all;">인체적용시험 완료한</p><p style="text-align: center; margin-bottom: 12px; border: 0px; vertical-align: baseline; font-variant-numeric: inherit; font-variant-east-asian: inherit; font-weight: 700; font-stretch: inherit; font-size: 32px; line-height: 40px; font-family: Roboto, &quot;Noto Sans KR&quot;, sans-serif; letter-spacing: -1.1px; word-break: break-all;"><font color="#9c0000">LED + 헤어토닉</font><span style="color: rgba(0, 0, 0, 0.84);">으로 젊어서부터 헤어관리하세요</span></p>','가전','2021-11-04');
Insert into GORUMI.PROJECT_BASIC_INFO (PROJECT_NO,BUSINESS_NO,PROJECT_TITLE,TARGET_PRICE,FILEPATH,END_DATE,PROJECT_STORY,FUNDING_CATEGORY,START_DATE) values (147,186,'[한정수량]반려묘를 위한 건강 관리의 시작, 캣터링',150000,'12sowon.jpg','2021-12-13','<h1 style="text-align: center; ">아파도 아프다고 말하지 못하는 우리 냥이,<br>우리 집사들이 미리 알고, 미리 지켜줘요.</h1><h1 style="text-align: center; "><br><h3>반려냥이의 건강에 대해<br>막연한 걱정과 불안을 가지셨던 집사님이라면?</h3></h1><p style="text-align: center; "><br></p><p style="text-align: center; ">캣터링을 통해 건강을 미리 관리하고 챙겨주는</p><p style="text-align: center; ">책임감 있는 보호자로 거듭나세요!</p>','반려동물','2021-11-01');
Insert into GORUMI.PROJECT_BASIC_INFO (PROJECT_NO,BUSINESS_NO,PROJECT_TITLE,TARGET_PRICE,FILEPATH,END_DATE,PROJECT_STORY,FUNDING_CATEGORY,START_DATE) values (151,193,'안녕하세요',123123,'뚱이2.jpg','2021-11-12','<p>뚱이</p>','도서','2021-11-05');
Insert into GORUMI.PROJECT_BASIC_INFO (PROJECT_NO,BUSINESS_NO,PROJECT_TITLE,TARGET_PRICE,FILEPATH,END_DATE,PROJECT_STORY,FUNDING_CATEGORY,START_DATE) values (149,185,'떡볶이 외길인생 바비분식',15000000,'barbie.jpg','2022-12-29','<p>포인트 하나!</p><br>
<p>떡볶이 좀 안다면, 말랑한 밀떡!</p><br>
<p>"떡은 꼭 밀떡이어야만 한다"는 아버지의 이유있는 고집을 그대로 지켜</p><br>
<p>달달하면서도 매콤한국물과 양념이 잘 배어드는 말랑말랑한 밀떡!</p><br>
<p>"떡은 꼭 밀떡이어야만 한다"는 아버지의 이유있는 고집을 그대로 지켜</p><br><br>
<p>포인트 둘!</p><br>
<p>매콤달콤! 조절할 수 있는 마법의 소스</p><br>
<p>매콤달콤하게 입맛대로 끌리는대로 더 맛있게!</p><br><br>
<p>포인트 셋!</p><br>
<p>떡볶이 국물에 찍어먹으면 세상꿀맛 삼총사</p><br>
<p>고소한 튀김만두, 매콤하고 바삭한 김말이</p><br>
<p>깔끔하고 진한 어묵이 떡볶이 국물과 환상궁합을 이룬다고~</p><br><br>
<p>오직 펀딩을 통해서만 구매 가능하니 많은 관심 부탁드립니다! </p>','푸드','2021-11-05');
Insert into GORUMI.PROJECT_BASIC_INFO (PROJECT_NO,BUSINESS_NO,PROJECT_TITLE,TARGET_PRICE,FILEPATH,END_DATE,PROJECT_STORY,FUNDING_CATEGORY,START_DATE) values (153,213,'일하기는 싫고 돈은 벌고 싶습니다!',50000000,'Penguins4.jpg','2021-11-16','<p>그냥 주세요!</p>','여행레저','2021-11-19');
Insert into GORUMI.PROJECT_BASIC_INFO (PROJECT_NO,BUSINESS_NO,PROJECT_TITLE,TARGET_PRICE,FILEPATH,END_DATE,PROJECT_STORY,FUNDING_CATEGORY,START_DATE) values (152,193,'테스트용 상품임니다.',1000000,'뚱이1.jpg','2021-11-12','<p>테스트영</p>','악세서리','2021-11-05');
Insert into GORUMI.PROJECT_BASIC_INFO (PROJECT_NO,BUSINESS_NO,PROJECT_TITLE,TARGET_PRICE,FILEPATH,END_DATE,PROJECT_STORY,FUNDING_CATEGORY,START_DATE) values (154,215,'서울 내집마련 프로젝트',999999999,'ice3.png','2021-11-24','<p>서울 내집마련 프로젝트</p>','가전','2021-11-05');
Insert into GORUMI.PROJECT_BASIC_INFO (PROJECT_NO,BUSINESS_NO,PROJECT_TITLE,TARGET_PRICE,FILEPATH,END_DATE,PROJECT_STORY,FUNDING_CATEGORY,START_DATE) values (156,203,'마미손 티셔츠 크라우드 펀딩',50000000,'1110.jpg','2021-11-30','<p>123213</p>','가전','2021-11-10');
Insert into GORUMI.PROJECT_BASIC_INFO (PROJECT_NO,BUSINESS_NO,PROJECT_TITLE,TARGET_PRICE,FILEPATH,END_DATE,PROJECT_STORY,FUNDING_CATEGORY,START_DATE) values (157,218,'나도 집마련하고 싶다',99999999,'002.jpeg','2021-11-29','<p>하이</p>','리빙','2021-11-05');
Insert into GORUMI.PROJECT_BASIC_INFO (PROJECT_NO,BUSINESS_NO,PROJECT_TITLE,TARGET_PRICE,FILEPATH,END_DATE,PROJECT_STORY,FUNDING_CATEGORY,START_DATE) values (158,216,'소주한잔',44444,'qqq3.jpeg','2021-11-06','<p>소주한잔하자</p>','푸드','2021-11-05');
REM INSERTING into GORUMI.REWARD
SET DEFINE OFF;
Insert into GORUMI.REWARD (REWARD_NO,REWARD_PRICE,REWARD_TITLE,REWARD_CONTENT,SHIPPING_DATE,CANCEL_POLICY,Q_EMAIL,Q_PHONE) values (138,15000,'울트라얼리버드 한우스틱','스트레스 해소와 고단백 영양 간식 한우스틱','2021-11-17','강아지 먹던거 환불 및 교환 절대 불가!!','gdgd@gmail.com','010-5555-5555');
Insert into GORUMI.REWARD (REWARD_NO,REWARD_PRICE,REWARD_TITLE,REWARD_CONTENT,SHIPPING_DATE,CANCEL_POLICY,Q_EMAIL,Q_PHONE) values (140,7000,'고양이 영양 참치 파우치','국내 최대 참치 업체 동원이 제대로 만든 펫푸드 모이스트루 참치 영양 스프','2022-12-29','<p>단순변심에 의한 교환/반품은 불가하며, 교환/반품 제한사항에 해당하지 않는 경우에만 가능 (배송비용과 교환/반품 비용 왕복배송비 고객부담)</p<<br>
<p>상품의 내용이 표시·광고의 내용과 다른 경우에는 상품을 수령한 날부터 3개월 이내, 그 사실을 안 날 또는 알 수 있었던 날부터 30일 이내에 청약철회 가능</p<<br>','9woong@gmail.com','010-7777-8767');
Insert into GORUMI.REWARD (REWARD_NO,REWARD_PRICE,REWARD_TITLE,REWARD_CONTENT,SHIPPING_DATE,CANCEL_POLICY,Q_EMAIL,Q_PHONE) values (141,19900,'[얼리버드]바닐라닙스 1세트','바닐라닙스 1세트(20포)','2021-11-30','1) 리워드가 지연될 경우
메이커가 리워드 발송 시작 예정일까지 리워드를 발송하지 않을 경우

2) 리워드에 하자가 있을 경우
서포터가 수령한 리워드가 아래 하자 기준에 해당할 경우, 배송 완료일로부터 14일 이내에 펀딩금 반환 신청을 할 수 있습니다. 이때 메이커는 하자 판단을 위한 증빙자료, 리워드 반송을 서포터에게 요청할 수 있습니다.

3) 기타 주의 사항
크라우드펀딩의 특성상 프로젝트 종료 후 서포터의 단순변심으로 인한 펀딩금 반환은 불가합니다.
회사는 메이커와 상호 협의 하에 프로젝트를 취소할 수 있으며, 펀딩 종료 후 프로젝트가 취소될 경우에는 펀딩금이 반환됩니다.
하자가 있는 경우, 리워드 반송을 위한 배송비는 메이커가 부담하여야 하고 하자가 없는 경우에는 리워드 반송 및 재반송에 대한 배송비를 서포터에게 청구될 수 있습니다.','info@finenyou.com','070-8830-8383');
Insert into GORUMI.REWARD (REWARD_NO,REWARD_PRICE,REWARD_TITLE,REWARD_CONTENT,SHIPPING_DATE,CANCEL_POLICY,Q_EMAIL,Q_PHONE) values (153,0,'보상은 없습니다!','없습니다!','2021-11-16','없습니다','test@iei.com','010-111-1111 ');
Insert into GORUMI.REWARD (REWARD_NO,REWARD_PRICE,REWARD_TITLE,REWARD_CONTENT,SHIPPING_DATE,CANCEL_POLICY,Q_EMAIL,Q_PHONE) values (143,22800,'[슈퍼얼리버드]제주 딱새우 컵라면 1박스','제주 딱새우 컵라면 1박스 (총 12개입)','2021-11-17','1) 리워드가 지연될 경우
메이커가 리워드 발송 시작 예정일까지 리워드를 발송하지 않을 경우

2) 리워드에 하자가 있을 경우
서포터가 수령한 리워드가 아래 하자 기준에 해당할 경우, 배송 완료일로부터 14일 이내에 펀딩금 반환 신청을 할 수 있습니다. 이때 메이커는 하자 판단을 위한 증빙자료, 리워드 반송을 서포터에게 요청할 수 있습니다.

3) 기타 주의 사항
크라우드펀딩의 특성상 프로젝트 종료 후 서포터의 단순변심으로 인한 펀딩금 반환은 불가합니다.
회사는 메이커와 상호 협의 하에 프로젝트를 취소할 수 있으며, 펀딩 종료 후 프로젝트가 취소될 경우에는 펀딩금이 반환됩니다.
하자가 있는 경우, 리워드 반송을 위한 배송비는 메이커가 부담하여야 하고 하자가 없는 경우에는 리워드 반송 및 재반송에 대한 배송비를 서포터에게 청구될 수 있습니다.','jmbiz1216@naver.com','070-5226-0387');
Insert into GORUMI.REWARD (REWARD_NO,REWARD_PRICE,REWARD_TITLE,REWARD_CONTENT,SHIPPING_DATE,CANCEL_POLICY,Q_EMAIL,Q_PHONE) values (146,50000,'[얼리버드]LED 헤어관리기기','LED 헤어관리기기 1세트','2021-12-31','1) 리워드가 지연될 경우
메이커가 리워드 발송 시작 예정일까지 리워드를 발송하지 않을 경우

2) 리워드에 하자가 있을 경우
서포터가 수령한 리워드가 아래 하자 기준에 해당할 경우, 배송 완료일로부터 14일 이내에 펀딩금 반환 신청을 할 수 있습니다. 이때 메이커는 하자 판단을 위한 증빙자료, 리워드 반송을 서포터에게 요청할 수 있습니다.

3) 기타 주의 사항
크라우드펀딩의 특성상 프로젝트 종료 후 서포터의 단순변심으로 인한 펀딩금 반환은 불가합니다.
회사는 메이커와 상호 협의 하에 프로젝트를 취소할 수 있으며, 펀딩 종료 후 프로젝트가 취소될 경우에는 펀딩금이 반환됩니다.
하자가 있는 경우, 리워드 반송을 위한 배송비는 메이커가 부담하여야 하고 하자가 없는 경우에는 리워드 반송 및 재반송에 대한 배송비를 서포터에게 청구될 수 있습니다.','admin@zeroilab.com','070-7762-1023');
Insert into GORUMI.REWARD (REWARD_NO,REWARD_PRICE,REWARD_TITLE,REWARD_CONTENT,SHIPPING_DATE,CANCEL_POLICY,Q_EMAIL,Q_PHONE) values (151,123123,'뚱이','ㅎㅇㅎㅇ','2021-11-12','교환 불가','qwer1234@gmail.com','010-1234-1234');
Insert into GORUMI.REWARD (REWARD_NO,REWARD_PRICE,REWARD_TITLE,REWARD_CONTENT,SHIPPING_DATE,CANCEL_POLICY,Q_EMAIL,Q_PHONE) values (152,100,'뚱이뚱이뚱이','테스트용임니다!','2021-11-12','환불가능!','qwer1234@gmail.com','010-9999-9999');
Insert into GORUMI.REWARD (REWARD_NO,REWARD_PRICE,REWARD_TITLE,REWARD_CONTENT,SHIPPING_DATE,CANCEL_POLICY,Q_EMAIL,Q_PHONE) values (147,900000,'[얼리버드]캣터링 플랜 A','캣터링 플랜 A 한 세트','2021-12-13','1) 리워드가 지연될 경우
메이커가 리워드 발송 시작 예정일까지 리워드를 발송하지 않을 경우

2) 리워드에 하자가 있을 경우
서포터가 수령한 리워드가 아래 하자 기준에 해당할 경우, 배송 완료일로부터 14일 이내에 펀딩금 반환 신청을 할 수 있습니다. 이때 메이커는 하자 판단을 위한 증빙자료, 리워드 반송을 서포터에게 요청할 수 있습니다.

3) 기타 주의 사항
크라우드펀딩의 특성상 프로젝트 종료 후 서포터의 단순변심으로 인한 펀딩금 반환은 불가합니다.
회사는 메이커와 상호 협의 하에 프로젝트를 취소할 수 있으며, 펀딩 종료 후 프로젝트가 취소될 경우에는 펀딩금이 반환됩니다.
하자가 있는 경우, 리워드 반송을 위한 배송비는 메이커가 부담하여야 하고 하자가 없는 경우에는 리워드 반송 및 재반송에 대한 배송비를 서포터에게 청구될 수 있습니다.','junhopark@pitterpetter.com','070-4515-7760');
Insert into GORUMI.REWARD (REWARD_NO,REWARD_PRICE,REWARD_TITLE,REWARD_CONTENT,SHIPPING_DATE,CANCEL_POLICY,Q_EMAIL,Q_PHONE) values (154,999,'티끌','티끌을 모아 서울 내 집 마련','2021-11-24','%','2','010-1111-1111');
Insert into GORUMI.REWARD (REWARD_NO,REWARD_PRICE,REWARD_TITLE,REWARD_CONTENT,SHIPPING_DATE,CANCEL_POLICY,Q_EMAIL,Q_PHONE) values (149,7000,'떡볶이 외길인생 바비분식','바비분식 매콤달콤 떡볶이 출시!','2022-12-29','<p>단순변심에 의한 교환/반품은 불가하며, 교환/반품 제한사항에 해당하지 않는 경우에만 가능 (배송비용과 교환/반품 비용 왕복배송비 고객부담)</p<<br>
<p>상품의 내용이 표시·광고의 내용과 다른 경우에는 상품을 수령한 날부터 3개월 이내, 그 사실을 안 날 또는 알 수 있었던 날부터 30일 이내에 청약철회 가능</p<<br>','9woong@gmail.com','010-7777-8767');
Insert into GORUMI.REWARD (REWARD_NO,REWARD_PRICE,REWARD_TITLE,REWARD_CONTENT,SHIPPING_DATE,CANCEL_POLICY,Q_EMAIL,Q_PHONE) values (156,30000,'222','22222','2021-11-30','22222','mamison@naver.com','010-2222-4444');
Insert into GORUMI.REWARD (REWARD_NO,REWARD_PRICE,REWARD_TITLE,REWARD_CONTENT,SHIPPING_DATE,CANCEL_POLICY,Q_EMAIL,Q_PHONE) values (157,0,'0원','하이','2021-11-29','하이','fund@gamil.com','010-0000-0000');
Insert into GORUMI.REWARD (REWARD_NO,REWARD_PRICE,REWARD_TITLE,REWARD_CONTENT,SHIPPING_DATE,CANCEL_POLICY,Q_EMAIL,Q_PHONE) values (158,4444444,'위드코로나','위드코로나야 안녕','2021-11-06','싫어','kehw@naver.com','01033334444  ');
REM INSERTING into GORUMI.TEST
SET DEFINE OFF;
Insert into GORUMI.TEST (HANSOL) values (1);
Insert into GORUMI.TEST (HANSOL) values (2);
--------------------------------------------------------
--  DDL for Index UNIQUE_CONSTRAINT_FUNDING_LIKE
--------------------------------------------------------

  CREATE UNIQUE INDEX "GORUMI"."UNIQUE_CONSTRAINT_FUNDING_LIKE" ON "GORUMI"."FUNDING_LIKE" ("C_MEMBER_NO", "LIKED_PROJECT_NO") 
  PCTFREE 10 INITRANS 2 MAXTRANS 255 COMPUTE STATISTICS 
  STORAGE(INITIAL 65536 NEXT 1048576 MINEXTENTS 1 MAXEXTENTS 2147483645
  PCTINCREASE 0 FREELISTS 1 FREELIST GROUPS 1 BUFFER_POOL DEFAULT FLASH_CACHE DEFAULT CELL_FLASH_CACHE DEFAULT)
  TABLESPACE "SYSTEM" ;
--------------------------------------------------------
--  DDL for Index UNIQUE_CONSTRAINT_FUNDER_LIKE
--------------------------------------------------------

  CREATE UNIQUE INDEX "GORUMI"."UNIQUE_CONSTRAINT_FUNDER_LIKE" ON "GORUMI"."FUNDER_LIKE" ("C_MEMBER_NO", "LIKED_BUSINESS_NO") 
  PCTFREE 10 INITRANS 2 MAXTRANS 255 COMPUTE STATISTICS 
  STORAGE(INITIAL 65536 NEXT 1048576 MINEXTENTS 1 MAXEXTENTS 2147483645
  PCTINCREASE 0 FREELISTS 1 FREELIST GROUPS 1 BUFFER_POOL DEFAULT FLASH_CACHE DEFAULT CELL_FLASH_CACHE DEFAULT)
  TABLESPACE "SYSTEM" ;
--------------------------------------------------------
--  Constraints for Table REWARD
--------------------------------------------------------

  ALTER TABLE "GORUMI"."REWARD" ADD PRIMARY KEY ("REWARD_NO")
  USING INDEX PCTFREE 10 INITRANS 2 MAXTRANS 255 COMPUTE STATISTICS 
  STORAGE(INITIAL 65536 NEXT 1048576 MINEXTENTS 1 MAXEXTENTS 2147483645
  PCTINCREASE 0 FREELISTS 1 FREELIST GROUPS 1 BUFFER_POOL DEFAULT FLASH_CACHE DEFAULT CELL_FLASH_CACHE DEFAULT)
  TABLESPACE "SYSTEM"  ENABLE;
  ALTER TABLE "GORUMI"."REWARD" MODIFY ("Q_PHONE" NOT NULL ENABLE);
  ALTER TABLE "GORUMI"."REWARD" MODIFY ("Q_EMAIL" NOT NULL ENABLE);
  ALTER TABLE "GORUMI"."REWARD" MODIFY ("CANCEL_POLICY" NOT NULL ENABLE);
  ALTER TABLE "GORUMI"."REWARD" MODIFY ("SHIPPING_DATE" NOT NULL ENABLE);
  ALTER TABLE "GORUMI"."REWARD" MODIFY ("REWARD_CONTENT" NOT NULL ENABLE);
  ALTER TABLE "GORUMI"."REWARD" MODIFY ("REWARD_TITLE" NOT NULL ENABLE);
  ALTER TABLE "GORUMI"."REWARD" MODIFY ("REWARD_PRICE" NOT NULL ENABLE);
--------------------------------------------------------
--  Constraints for Table FUNDER_CATEGORY
--------------------------------------------------------

  ALTER TABLE "GORUMI"."FUNDER_CATEGORY" ADD PRIMARY KEY ("FUNDER_CATEGORY")
  USING INDEX PCTFREE 10 INITRANS 2 MAXTRANS 255 COMPUTE STATISTICS 
  STORAGE(INITIAL 65536 NEXT 1048576 MINEXTENTS 1 MAXEXTENTS 2147483645
  PCTINCREASE 0 FREELISTS 1 FREELIST GROUPS 1 BUFFER_POOL DEFAULT FLASH_CACHE DEFAULT CELL_FLASH_CACHE DEFAULT)
  TABLESPACE "SYSTEM"  ENABLE;
--------------------------------------------------------
--  Constraints for Table PROJECT_BASIC_INFO
--------------------------------------------------------

  ALTER TABLE "GORUMI"."PROJECT_BASIC_INFO" MODIFY ("START_DATE" NOT NULL ENABLE);
  ALTER TABLE "GORUMI"."PROJECT_BASIC_INFO" ADD PRIMARY KEY ("PROJECT_NO")
  USING INDEX PCTFREE 10 INITRANS 2 MAXTRANS 255 COMPUTE STATISTICS 
  STORAGE(INITIAL 65536 NEXT 1048576 MINEXTENTS 1 MAXEXTENTS 2147483645
  PCTINCREASE 0 FREELISTS 1 FREELIST GROUPS 1 BUFFER_POOL DEFAULT FLASH_CACHE DEFAULT CELL_FLASH_CACHE DEFAULT)
  TABLESPACE "SYSTEM"  ENABLE;
  ALTER TABLE "GORUMI"."PROJECT_BASIC_INFO" MODIFY ("FUNDING_CATEGORY" NOT NULL ENABLE);
  ALTER TABLE "GORUMI"."PROJECT_BASIC_INFO" MODIFY ("PROJECT_STORY" NOT NULL ENABLE);
  ALTER TABLE "GORUMI"."PROJECT_BASIC_INFO" MODIFY ("END_DATE" NOT NULL ENABLE);
  ALTER TABLE "GORUMI"."PROJECT_BASIC_INFO" MODIFY ("TARGET_PRICE" NOT NULL ENABLE);
  ALTER TABLE "GORUMI"."PROJECT_BASIC_INFO" MODIFY ("PROJECT_TITLE" NOT NULL ENABLE);
  ALTER TABLE "GORUMI"."PROJECT_BASIC_INFO" MODIFY ("BUSINESS_NO" NOT NULL ENABLE);
--------------------------------------------------------
--  Constraints for Table FUNDING_COMMENT
--------------------------------------------------------

  ALTER TABLE "GORUMI"."FUNDING_COMMENT" ADD PRIMARY KEY ("COMMENT_NO")
  USING INDEX PCTFREE 10 INITRANS 2 MAXTRANS 255 COMPUTE STATISTICS 
  STORAGE(INITIAL 65536 NEXT 1048576 MINEXTENTS 1 MAXEXTENTS 2147483645
  PCTINCREASE 0 FREELISTS 1 FREELIST GROUPS 1 BUFFER_POOL DEFAULT FLASH_CACHE DEFAULT CELL_FLASH_CACHE DEFAULT)
  TABLESPACE "SYSTEM"  ENABLE;
  ALTER TABLE "GORUMI"."FUNDING_COMMENT" MODIFY ("COMMENT_WRITER" NOT NULL ENABLE);
  ALTER TABLE "GORUMI"."FUNDING_COMMENT" MODIFY ("PROJECT_REF_NO" NOT NULL ENABLE);
  ALTER TABLE "GORUMI"."FUNDING_COMMENT" MODIFY ("COMMENT_LEVEL" NOT NULL ENABLE);
  ALTER TABLE "GORUMI"."FUNDING_COMMENT" MODIFY ("COMMENT_CONTENT" NOT NULL ENABLE);
--------------------------------------------------------
--  Constraints for Table NOTICE
--------------------------------------------------------

  ALTER TABLE "GORUMI"."NOTICE" ADD PRIMARY KEY ("NOTICE_NO")
  USING INDEX PCTFREE 10 INITRANS 2 MAXTRANS 255 COMPUTE STATISTICS 
  STORAGE(INITIAL 65536 NEXT 1048576 MINEXTENTS 1 MAXEXTENTS 2147483645
  PCTINCREASE 0 FREELISTS 1 FREELIST GROUPS 1 BUFFER_POOL DEFAULT FLASH_CACHE DEFAULT CELL_FLASH_CACHE DEFAULT)
  TABLESPACE "SYSTEM"  ENABLE;
  ALTER TABLE "GORUMI"."NOTICE" MODIFY ("NOTICE_WRITER" NOT NULL ENABLE);
  ALTER TABLE "GORUMI"."NOTICE" MODIFY ("WRITE_DATE" NOT NULL ENABLE);
  ALTER TABLE "GORUMI"."NOTICE" MODIFY ("NOTICE_CONTENT" NOT NULL ENABLE);
  ALTER TABLE "GORUMI"."NOTICE" MODIFY ("NOTICE_TITLE" NOT NULL ENABLE);
--------------------------------------------------------
--  Constraints for Table EVENT
--------------------------------------------------------

  ALTER TABLE "GORUMI"."EVENT" ADD PRIMARY KEY ("EVENT_NO")
  USING INDEX PCTFREE 10 INITRANS 2 MAXTRANS 255 COMPUTE STATISTICS 
  STORAGE(INITIAL 65536 NEXT 1048576 MINEXTENTS 1 MAXEXTENTS 2147483645
  PCTINCREASE 0 FREELISTS 1 FREELIST GROUPS 1 BUFFER_POOL DEFAULT FLASH_CACHE DEFAULT CELL_FLASH_CACHE DEFAULT)
  TABLESPACE "SYSTEM"  ENABLE;
  ALTER TABLE "GORUMI"."EVENT" MODIFY ("EVENT_WRITER" NOT NULL ENABLE);
  ALTER TABLE "GORUMI"."EVENT" MODIFY ("WRITE_DATE" NOT NULL ENABLE);
  ALTER TABLE "GORUMI"."EVENT" MODIFY ("EVENT_CONTENT" NOT NULL ENABLE);
  ALTER TABLE "GORUMI"."EVENT" MODIFY ("EVENT_TITLE" NOT NULL ENABLE);
--------------------------------------------------------
--  Constraints for Table MAKER_INFO
--------------------------------------------------------

  ALTER TABLE "GORUMI"."MAKER_INFO" ADD PRIMARY KEY ("MAKER_INFO_NO")
  USING INDEX PCTFREE 10 INITRANS 2 MAXTRANS 255 COMPUTE STATISTICS 
  STORAGE(INITIAL 65536 NEXT 1048576 MINEXTENTS 1 MAXEXTENTS 2147483645
  PCTINCREASE 0 FREELISTS 1 FREELIST GROUPS 1 BUFFER_POOL DEFAULT FLASH_CACHE DEFAULT CELL_FLASH_CACHE DEFAULT)
  TABLESPACE "SYSTEM"  ENABLE;
  ALTER TABLE "GORUMI"."MAKER_INFO" MODIFY ("DEPOSIT_NAME" NOT NULL ENABLE);
  ALTER TABLE "GORUMI"."MAKER_INFO" MODIFY ("ACCOUNT_NUMBER" NOT NULL ENABLE);
  ALTER TABLE "GORUMI"."MAKER_INFO" MODIFY ("TRADE_BANK" NOT NULL ENABLE);
--------------------------------------------------------
--  Constraints for Table MAKER_BOARD
--------------------------------------------------------

  ALTER TABLE "GORUMI"."MAKER_BOARD" ADD UNIQUE ("MAKER_BOARD_NO")
  USING INDEX PCTFREE 10 INITRANS 2 MAXTRANS 255 COMPUTE STATISTICS 
  STORAGE(INITIAL 65536 NEXT 1048576 MINEXTENTS 1 MAXEXTENTS 2147483645
  PCTINCREASE 0 FREELISTS 1 FREELIST GROUPS 1 BUFFER_POOL DEFAULT FLASH_CACHE DEFAULT CELL_FLASH_CACHE DEFAULT)
  TABLESPACE "SYSTEM"  ENABLE;
  ALTER TABLE "GORUMI"."MAKER_BOARD" MODIFY ("MAKER_BOARD_NO" NOT NULL ENABLE);
  ALTER TABLE "GORUMI"."MAKER_BOARD" MODIFY ("WRITE_DATE" NOT NULL ENABLE);
  ALTER TABLE "GORUMI"."MAKER_BOARD" ADD PRIMARY KEY ("WRITER_NO")
  USING INDEX PCTFREE 10 INITRANS 2 MAXTRANS 255 COMPUTE STATISTICS 
  STORAGE(INITIAL 65536 NEXT 1048576 MINEXTENTS 1 MAXEXTENTS 2147483645
  PCTINCREASE 0 FREELISTS 1 FREELIST GROUPS 1 BUFFER_POOL DEFAULT FLASH_CACHE DEFAULT CELL_FLASH_CACHE DEFAULT)
  TABLESPACE "SYSTEM"  ENABLE;
  ALTER TABLE "GORUMI"."MAKER_BOARD" MODIFY ("PROFILE_FILEPATH" NOT NULL ENABLE);
  ALTER TABLE "GORUMI"."MAKER_BOARD" MODIFY ("COMPANY_INTRO" NOT NULL ENABLE);
--------------------------------------------------------
--  Constraints for Table FUNDING_CATEGORY
--------------------------------------------------------

  ALTER TABLE "GORUMI"."FUNDING_CATEGORY" ADD PRIMARY KEY ("FUNDING_CATEGORY")
  USING INDEX PCTFREE 10 INITRANS 2 MAXTRANS 255 COMPUTE STATISTICS 
  STORAGE(INITIAL 65536 NEXT 1048576 MINEXTENTS 1 MAXEXTENTS 2147483645
  PCTINCREASE 0 FREELISTS 1 FREELIST GROUPS 1 BUFFER_POOL DEFAULT FLASH_CACHE DEFAULT CELL_FLASH_CACHE DEFAULT)
  TABLESPACE "SYSTEM"  ENABLE;
--------------------------------------------------------
--  Constraints for Table PAYMENT_INFO
--------------------------------------------------------

  ALTER TABLE "GORUMI"."PAYMENT_INFO" ADD PRIMARY KEY ("PAYMENT_NO")
  USING INDEX PCTFREE 10 INITRANS 2 MAXTRANS 255 COMPUTE STATISTICS 
  STORAGE(INITIAL 65536 NEXT 1048576 MINEXTENTS 1 MAXEXTENTS 2147483645
  PCTINCREASE 0 FREELISTS 1 FREELIST GROUPS 1 BUFFER_POOL DEFAULT FLASH_CACHE DEFAULT CELL_FLASH_CACHE DEFAULT)
  TABLESPACE "SYSTEM"  ENABLE;
  ALTER TABLE "GORUMI"."PAYMENT_INFO" MODIFY ("C_MEMBER_NO" NOT NULL ENABLE);
  ALTER TABLE "GORUMI"."PAYMENT_INFO" MODIFY ("PROJECT_NO" NOT NULL ENABLE);
  ALTER TABLE "GORUMI"."PAYMENT_INFO" MODIFY ("RECEIVE_PHONE" NOT NULL ENABLE);
  ALTER TABLE "GORUMI"."PAYMENT_INFO" MODIFY ("RECEIVE_NAME" NOT NULL ENABLE);
  ALTER TABLE "GORUMI"."PAYMENT_INFO" MODIFY ("ORDER_DATE" NOT NULL ENABLE);
  ALTER TABLE "GORUMI"."PAYMENT_INFO" MODIFY ("RECEIVE_ADDR" NOT NULL ENABLE);
  ALTER TABLE "GORUMI"."PAYMENT_INFO" MODIFY ("QUANTITY" NOT NULL ENABLE);
--------------------------------------------------------
--  Constraints for Table BUSINESS
--------------------------------------------------------

  ALTER TABLE "GORUMI"."BUSINESS" ADD UNIQUE ("BUSINESS_NAME")
  USING INDEX PCTFREE 10 INITRANS 2 MAXTRANS 255 COMPUTE STATISTICS 
  STORAGE(INITIAL 65536 NEXT 1048576 MINEXTENTS 1 MAXEXTENTS 2147483645
  PCTINCREASE 0 FREELISTS 1 FREELIST GROUPS 1 BUFFER_POOL DEFAULT FLASH_CACHE DEFAULT CELL_FLASH_CACHE DEFAULT)
  TABLESPACE "SYSTEM"  ENABLE;
  ALTER TABLE "GORUMI"."BUSINESS" ADD PRIMARY KEY ("BUSINESS_NO")
  USING INDEX PCTFREE 10 INITRANS 2 MAXTRANS 255 COMPUTE STATISTICS 
  STORAGE(INITIAL 65536 NEXT 1048576 MINEXTENTS 1 MAXEXTENTS 2147483645
  PCTINCREASE 0 FREELISTS 1 FREELIST GROUPS 1 BUFFER_POOL DEFAULT FLASH_CACHE DEFAULT CELL_FLASH_CACHE DEFAULT)
  TABLESPACE "SYSTEM"  ENABLE;
  ALTER TABLE "GORUMI"."BUSINESS" MODIFY ("MANAGER_NAME" NOT NULL ENABLE);
  ALTER TABLE "GORUMI"."BUSINESS" MODIFY ("BUSINESS_CODE" NOT NULL ENABLE);
  ALTER TABLE "GORUMI"."BUSINESS" MODIFY ("BUSINESS_NAME" NOT NULL ENABLE);
--------------------------------------------------------
--  Constraints for Table FUNDING_LIKE
--------------------------------------------------------

  ALTER TABLE "GORUMI"."FUNDING_LIKE" ADD UNIQUE ("LIKE_NO")
  USING INDEX PCTFREE 10 INITRANS 2 MAXTRANS 255 COMPUTE STATISTICS 
  STORAGE(INITIAL 65536 NEXT 1048576 MINEXTENTS 1 MAXEXTENTS 2147483645
  PCTINCREASE 0 FREELISTS 1 FREELIST GROUPS 1 BUFFER_POOL DEFAULT FLASH_CACHE DEFAULT CELL_FLASH_CACHE DEFAULT)
  TABLESPACE "SYSTEM"  ENABLE;
  ALTER TABLE "GORUMI"."FUNDING_LIKE" MODIFY ("LIKE_NO" NOT NULL ENABLE);
  ALTER TABLE "GORUMI"."FUNDING_LIKE" ADD CONSTRAINT "UNIQUE_CONSTRAINT_FUNDING_LIKE" UNIQUE ("C_MEMBER_NO", "LIKED_PROJECT_NO")
  USING INDEX PCTFREE 10 INITRANS 2 MAXTRANS 255 COMPUTE STATISTICS 
  STORAGE(INITIAL 65536 NEXT 1048576 MINEXTENTS 1 MAXEXTENTS 2147483645
  PCTINCREASE 0 FREELISTS 1 FREELIST GROUPS 1 BUFFER_POOL DEFAULT FLASH_CACHE DEFAULT CELL_FLASH_CACHE DEFAULT)
  TABLESPACE "SYSTEM"  ENABLE;
  ALTER TABLE "GORUMI"."FUNDING_LIKE" MODIFY ("LIKED_PROJECT_NO" NOT NULL ENABLE);
  ALTER TABLE "GORUMI"."FUNDING_LIKE" MODIFY ("C_MEMBER_NO" NOT NULL ENABLE);
--------------------------------------------------------
--  Constraints for Table MEMBER
--------------------------------------------------------

  ALTER TABLE "GORUMI"."MEMBER" ADD UNIQUE ("C_EMAIL")
  USING INDEX PCTFREE 10 INITRANS 2 MAXTRANS 255 COMPUTE STATISTICS 
  STORAGE(INITIAL 65536 NEXT 1048576 MINEXTENTS 1 MAXEXTENTS 2147483645
  PCTINCREASE 0 FREELISTS 1 FREELIST GROUPS 1 BUFFER_POOL DEFAULT FLASH_CACHE DEFAULT CELL_FLASH_CACHE DEFAULT)
  TABLESPACE "SYSTEM"  ENABLE;
  ALTER TABLE "GORUMI"."MEMBER" ADD PRIMARY KEY ("C_MEMBER_NO")
  USING INDEX PCTFREE 10 INITRANS 2 MAXTRANS 255 COMPUTE STATISTICS 
  STORAGE(INITIAL 65536 NEXT 1048576 MINEXTENTS 1 MAXEXTENTS 2147483645
  PCTINCREASE 0 FREELISTS 1 FREELIST GROUPS 1 BUFFER_POOL DEFAULT FLASH_CACHE DEFAULT CELL_FLASH_CACHE DEFAULT)
  TABLESPACE "SYSTEM"  ENABLE;
  ALTER TABLE "GORUMI"."MEMBER" MODIFY ("C_EMAIL" NOT NULL ENABLE);
  ALTER TABLE "GORUMI"."MEMBER" MODIFY ("C_ENROLL_DATE" NOT NULL ENABLE);
  ALTER TABLE "GORUMI"."MEMBER" MODIFY ("C_PHONE" NOT NULL ENABLE);
  ALTER TABLE "GORUMI"."MEMBER" MODIFY ("C_PASSWORD" NOT NULL ENABLE);
  ALTER TABLE "GORUMI"."MEMBER" MODIFY ("C_NAME" NOT NULL ENABLE);
--------------------------------------------------------
--  Constraints for Table FUNDER_LIKE
--------------------------------------------------------

  ALTER TABLE "GORUMI"."FUNDER_LIKE" ADD UNIQUE ("LIKE_NO")
  USING INDEX PCTFREE 10 INITRANS 2 MAXTRANS 255 COMPUTE STATISTICS 
  STORAGE(INITIAL 65536 NEXT 1048576 MINEXTENTS 1 MAXEXTENTS 2147483645
  PCTINCREASE 0 FREELISTS 1 FREELIST GROUPS 1 BUFFER_POOL DEFAULT FLASH_CACHE DEFAULT CELL_FLASH_CACHE DEFAULT)
  TABLESPACE "SYSTEM"  ENABLE;
  ALTER TABLE "GORUMI"."FUNDER_LIKE" MODIFY ("LIKE_NO" NOT NULL ENABLE);
  ALTER TABLE "GORUMI"."FUNDER_LIKE" ADD CONSTRAINT "UNIQUE_CONSTRAINT_FUNDER_LIKE" UNIQUE ("C_MEMBER_NO", "LIKED_BUSINESS_NO")
  USING INDEX PCTFREE 10 INITRANS 2 MAXTRANS 255 COMPUTE STATISTICS 
  STORAGE(INITIAL 65536 NEXT 1048576 MINEXTENTS 1 MAXEXTENTS 2147483645
  PCTINCREASE 0 FREELISTS 1 FREELIST GROUPS 1 BUFFER_POOL DEFAULT FLASH_CACHE DEFAULT CELL_FLASH_CACHE DEFAULT)
  TABLESPACE "SYSTEM"  ENABLE;
  ALTER TABLE "GORUMI"."FUNDER_LIKE" MODIFY ("LIKED_BUSINESS_NO" NOT NULL ENABLE);
  ALTER TABLE "GORUMI"."FUNDER_LIKE" MODIFY ("C_MEMBER_NO" NOT NULL ENABLE);
--------------------------------------------------------
--  Ref Constraints for Table BUSINESS
--------------------------------------------------------

  ALTER TABLE "GORUMI"."BUSINESS" ADD FOREIGN KEY ("BUSINESS_NO")
	  REFERENCES "GORUMI"."MEMBER" ("C_MEMBER_NO") ENABLE;
--------------------------------------------------------
--  Ref Constraints for Table EVENT
--------------------------------------------------------

  ALTER TABLE "GORUMI"."EVENT" ADD FOREIGN KEY ("EVENT_WRITER")
	  REFERENCES "GORUMI"."MEMBER" ("C_MEMBER_NO") ON DELETE CASCADE ENABLE;
--------------------------------------------------------
--  Ref Constraints for Table FUNDER_LIKE
--------------------------------------------------------

  ALTER TABLE "GORUMI"."FUNDER_LIKE" ADD FOREIGN KEY ("C_MEMBER_NO")
	  REFERENCES "GORUMI"."MEMBER" ("C_MEMBER_NO") ENABLE;
  ALTER TABLE "GORUMI"."FUNDER_LIKE" ADD FOREIGN KEY ("LIKED_BUSINESS_NO")
	  REFERENCES "GORUMI"."BUSINESS" ("BUSINESS_NO") ENABLE;
--------------------------------------------------------
--  Ref Constraints for Table FUNDING_COMMENT
--------------------------------------------------------

  ALTER TABLE "GORUMI"."FUNDING_COMMENT" ADD FOREIGN KEY ("PROJECT_REF_NO")
	  REFERENCES "GORUMI"."PROJECT_BASIC_INFO" ("PROJECT_NO") ON DELETE CASCADE ENABLE;
  ALTER TABLE "GORUMI"."FUNDING_COMMENT" ADD FOREIGN KEY ("COMMENT_REF_NO")
	  REFERENCES "GORUMI"."FUNDING_COMMENT" ("COMMENT_NO") ON DELETE CASCADE ENABLE;
  ALTER TABLE "GORUMI"."FUNDING_COMMENT" ADD FOREIGN KEY ("COMMENT_WRITER")
	  REFERENCES "GORUMI"."MEMBER" ("C_MEMBER_NO") ON DELETE CASCADE ENABLE;
--------------------------------------------------------
--  Ref Constraints for Table FUNDING_LIKE
--------------------------------------------------------

  ALTER TABLE "GORUMI"."FUNDING_LIKE" ADD FOREIGN KEY ("C_MEMBER_NO")
	  REFERENCES "GORUMI"."MEMBER" ("C_MEMBER_NO") ENABLE;
  ALTER TABLE "GORUMI"."FUNDING_LIKE" ADD FOREIGN KEY ("LIKED_PROJECT_NO")
	  REFERENCES "GORUMI"."PROJECT_BASIC_INFO" ("PROJECT_NO") ENABLE;
--------------------------------------------------------
--  Ref Constraints for Table MAKER_BOARD
--------------------------------------------------------

  ALTER TABLE "GORUMI"."MAKER_BOARD" ADD FOREIGN KEY ("WRITER_NO")
	  REFERENCES "GORUMI"."BUSINESS" ("BUSINESS_NO") ON DELETE CASCADE ENABLE;
  ALTER TABLE "GORUMI"."MAKER_BOARD" ADD FOREIGN KEY ("BUSINESS_NAME")
	  REFERENCES "GORUMI"."BUSINESS" ("BUSINESS_NAME") ENABLE;
  ALTER TABLE "GORUMI"."MAKER_BOARD" ADD FOREIGN KEY ("FUNDER_CATEGORY")
	  REFERENCES "GORUMI"."FUNDER_CATEGORY" ("FUNDER_CATEGORY") ENABLE;
--------------------------------------------------------
--  Ref Constraints for Table MAKER_INFO
--------------------------------------------------------

  ALTER TABLE "GORUMI"."MAKER_INFO" ADD FOREIGN KEY ("MAKER_INFO_NO")
	  REFERENCES "GORUMI"."PROJECT_BASIC_INFO" ("PROJECT_NO") ENABLE;
--------------------------------------------------------
--  Ref Constraints for Table NOTICE
--------------------------------------------------------

  ALTER TABLE "GORUMI"."NOTICE" ADD FOREIGN KEY ("NOTICE_WRITER")
	  REFERENCES "GORUMI"."MEMBER" ("C_MEMBER_NO") ON DELETE CASCADE ENABLE;
--------------------------------------------------------
--  Ref Constraints for Table PAYMENT_INFO
--------------------------------------------------------

  ALTER TABLE "GORUMI"."PAYMENT_INFO" ADD FOREIGN KEY ("PROJECT_NO")
	  REFERENCES "GORUMI"."PROJECT_BASIC_INFO" ("PROJECT_NO") ENABLE;
  ALTER TABLE "GORUMI"."PAYMENT_INFO" ADD FOREIGN KEY ("C_MEMBER_NO")
	  REFERENCES "GORUMI"."MEMBER" ("C_MEMBER_NO") ENABLE;
--------------------------------------------------------
--  Ref Constraints for Table PROJECT_BASIC_INFO
--------------------------------------------------------

  ALTER TABLE "GORUMI"."PROJECT_BASIC_INFO" ADD FOREIGN KEY ("BUSINESS_NO")
	  REFERENCES "GORUMI"."BUSINESS" ("BUSINESS_NO") ON DELETE CASCADE ENABLE;
  ALTER TABLE "GORUMI"."PROJECT_BASIC_INFO" ADD FOREIGN KEY ("FUNDING_CATEGORY")
	  REFERENCES "GORUMI"."FUNDING_CATEGORY" ("FUNDING_CATEGORY") ENABLE;
--------------------------------------------------------
--  Ref Constraints for Table REWARD
--------------------------------------------------------

  ALTER TABLE "GORUMI"."REWARD" ADD FOREIGN KEY ("REWARD_NO")
	  REFERENCES "GORUMI"."PROJECT_BASIC_INFO" ("PROJECT_NO") ENABLE;
